"1","1","Fragebogen 1: Kopf (1)",NULL,NULL,NULL,NULL,"resfb1","0","0","0","0","0","0","1"
"2","2","Fragebogen 2: Die Osterwoche (1)",,"0",,,"bafb2","0","0","0","0","0","0","1"
"3","3","Fragebogen 3: Die Osterwoche (2)",,"0",,,"resfb3","0","0","0","0","0","0","1"
"4","4","Fragebogen 4: Kopf (2)",,"0",,,"bafb4","0","0","0","0","1","0","1"
"5","5","Fragebogen 5: Zeit zwischen Ostern und Fronleichnam",,"0",,,"resfb5","0","0","0","0","0","0","1"
"6","6","Fragebogen 6: Menschl. Haar und Bart (= Kopf 3)",NULL,NULL,NULL,NULL,"bafb6","0","0","0","0","0","0",NULL
"7","7","Fragebogen 7: Hochzeit (1)",NULL,NULL,NULL,NULL,"resfb7","0","0","0","0","0","0",NULL
"8","8","Fragebogen 8: Hochzeit (2)",NULL,NULL,NULL,NULL,"bafb8","0","0","0","0","0","0",NULL
"9","9","Fragebogen 9: Hochzeit (3)",NULL,NULL,NULL,NULL,"resfb9","0","0","0","0","0","0",NULL
"10","10","Fragebogen 10: Hochzeit (4)",NULL,NULL,NULL,NULL,"bafb10","0","0","0","0","0","0",NULL
"11","11","Fragebogen 11: Hochzeit (5)",NULL,NULL,NULL,NULL,"resfb11","0","0","0","0","0","0",NULL
"12","12","Fragebogen 12: Nase, Ohr (Kopf 4)",NULL,NULL,NULL,NULL,"bafb12","0","0","0","0","0","0",NULL
"13","13","Fragebogen 13: Auge (Kopf 5)",NULL,NULL,NULL,NULL,"resfb13","0","0","0","0","0","0",NULL
"14","14","Fragebogen 14: Besiedelung, Flur (1)",NULL,NULL,NULL,NULL,"bafb14","0","0","0","0","0","0",NULL
"15","15","Fragebogen 15: Besiedelung, Flur (2)",,"0",,,"resfb15","0","0","0","0","0","0","1"
"16","16","Fragebogen 16: Feld, Feldbestellung (1) (Allg.)",,"0",,,"bafb16","0","0","0","0","1","0","1"
"17","17","Fragebogen 17: Feld, Feldbestellung (2) (Allg.)",NULL,NULL,NULL,NULL,"resfb17","0","0","0","0","0","0",NULL
"18","18","Fragebogen 18: Feld, Feldbestellung (3) (Allg.)",NULL,NULL,NULL,NULL,"bafb18","0","0","0","0","0","0",NULL
"19","19","Fragebogen 19: Feld, Feldbestellung (4) (Allg.)",NULL,NULL,NULL,NULL,"resfb19","0","0","0","0","0","0",NULL
"20","20","Fragebogen 20: Körper (Allgemeines) (1)",NULL,NULL,NULL,NULL,"bafb20","0","0","0","0","0","0",NULL
"21","21","Fragebogen 21: Körper (Allgemeines) (2)",NULL,NULL,NULL,NULL,"resfb21","0","0","0","0","0","0",NULL
"22","22","Fragebogen 22: Körper (Allgemeines) (3)",NULL,NULL,NULL,NULL,"bafb22","0","0","0","0","0","0",NULL
"23","23","Fragebogen 23: Körper (Allgemeines) (4)",NULL,NULL,NULL,NULL,"resfb23","0","0","0","0","0","0",NULL
"24","24","Fragebogen 24: Körperteile (5) (Allgemeines)",NULL,NULL,NULL,NULL,"bafb24","0","0","0","0","0","0",NULL
"25","25","Fragebogen 25: Hautkrankheiten (1)",,"0",,,"resfb25","0","0","0","0","0","0","1"
"26","26","Fragebogen 26: Hautkrankheiten (2)",NULL,NULL,NULL,NULL,"bafb26","0","0","0","0","0","0",NULL
"27","27","Fragebogen 27: Hautkrankheiten (3)",NULL,NULL,NULL,NULL,"resfb27","0","0","0","0","0","0",NULL
"28","28","Fragebogen 28: Brotbacken (1)",NULL,NULL,NULL,NULL,"bafb28","0","0","0","0","0","0",NULL
"29","29","Fragebogen 29: Brotbacken (2)",NULL,NULL,NULL,NULL,"resfb29","0","0","0","0","0","0",NULL
"30","30","Fragebogen 30: Brotbacken (3)",NULL,NULL,NULL,NULL,"bafb30","0","0","0","0","0","0",NULL
"31","31","Fragebogen 31: Weißgebäck",NULL,NULL,NULL,NULL,"resfb31","0","0","0","0","0","0",NULL
"32","32","Fragebogen 32: Gliedmaßen, Arm",NULL,NULL,NULL,NULL,"bafb32","0","0","0","0","0","0",NULL
"33","33","Fragebogen 33: Arm (Schluß), Hand",NULL,NULL,NULL,NULL,"resfb33","0","0","0","0","0","0",NULL
"34","34","Fragebogen 34: Hand (Schluß), Finger",NULL,NULL,NULL,NULL,"bafb34","0","0","0","0","0","0",NULL
"35","35","Fragebogen 35: Finger (Schluß)",NULL,NULL,NULL,NULL,"resfb35","0","0","0","0","0","0",NULL
"36","36","Fragebogen 36: Schneiderei (1)",NULL,NULL,NULL,NULL,"bafb36","0","0","0","0","0","0",NULL
"37","37","Fragebogen 37: Schneiderei (2)",NULL,NULL,NULL,NULL,"resfb37","0","0","0","0","0","0",NULL
"38","38","Fragebogen 38: Schneiderei (3)",NULL,NULL,NULL,NULL,"bafb38","0","0","0","0","0","0",NULL
"39","39","Fragebogen 39: Schneiderei (4)",NULL,NULL,NULL,NULL,"resfb39","0","0","0","0","0","0",NULL
"40","40","Fragebogen 40: Kleidung (1)",NULL,NULL,NULL,NULL,"bafb40","0","0","0","0","0","0",NULL
"41","41","Fragebogen 41: Kleidung (2) - Frauenkleidung (Ergänzung von Frageb. 67)",NULL,NULL,NULL,NULL,"bafb41","0","0","0","0","0","0",NULL
"42","42","Fragebogen 42: Bewegung (1)",NULL,NULL,NULL,NULL,"bafb42","0","0","0","0","0","0",NULL
"43","43","Fragebogen 43: Bewegung (2)",NULL,NULL,NULL,NULL,"bafb43","0","0","0","0","0","0",NULL
"44","44","Fragebogen 44: Bewegung (3)",NULL,NULL,NULL,NULL,"bafb44","0","0","0","0","0","0",NULL
"45","45","Fragebogen 45: Bewegung (4)",NULL,NULL,NULL,NULL,"bafb45","0","0","0","0","0","0",NULL
"46","46","Fragebogen 46: Bewegung (5)",NULL,NULL,NULL,NULL,"bafb46","0","0","0","0","0","0",NULL
"47","47","Fragebogen 47: Bewegung (6)",NULL,NULL,NULL,NULL,"bafb47","0","0","0","0","0","0",NULL
"48","48","Fragebogen 48: Bewegung (7)",NULL,NULL,NULL,NULL,"bafb48","0","0","0","0","0","0",NULL
"49","49","Fragebogen 49: Bewegung (8)",NULL,NULL,NULL,NULL,"bafb49","0","0","0","0","0","0",NULL
"50","50","Fragebogen 50: Bewegung (9)",NULL,NULL,NULL,NULL,"bafb50","0","0","0","0","0","0",NULL
"51","51","Fragebogen 51: Bewegung (10)",NULL,NULL,NULL,NULL,"bafb51","0","0","0","0","0","0",NULL
"52","52","Fragebogen 52: Bewegung (11)",NULL,NULL,NULL,NULL,"bafb52","0","0","0","0","0","0",NULL
"53","53","Fragebogen 53: Farbe",NULL,NULL,NULL,NULL,"resfb53","0","0","0","0","0","0",NULL
"54","54","Fragebogen 54: Zeit zwischen Mittsommer und Neujahr",,"0",,,"resfb54","0","0","0","0","0","0","1"
"55","55","Fragebogen 55: Tod",NULL,NULL,NULL,NULL,"resfb55","0","0","0","0","0","0",NULL
"56","56","Fragebogen 56: Gruß, Wunsch, Bitte und Dank",NULL,NULL,NULL,NULL,"resfb56","0","0","0","0","0","0",NULL
"57","57","Fragebogen 57: Jagd (1)",,"0",,,"resfb57","0","0","0","0","1","0","1"
"58","58","Fragebogen 58: Jagd (2)",,"0",,,"bafb58","0","0","0","0","1","0","1"
"59","59","Fragebogen 59: Wald und Forstwirtschaft (1)",NULL,NULL,NULL,NULL,"resfb59","0","0","0","0","0","0",NULL
"60","60","Fragebogen 60: Wald und Forstwirtschaft (2)",NULL,NULL,NULL,NULL,"bafb60","0","0","0","0","0","0",NULL
"61","61","Fragebogen 61: Tiere (1)",NULL,NULL,NULL,NULL,"resfb61","0","0","0","0","0","0",NULL
"62","62","Fragebogen 62: Tiere (2)",NULL,NULL,NULL,NULL,"bafb62","0","0","0","0","0","0",NULL
"63","63","Fragebogen 63: Kind, Kinderstube und Taufe",NULL,NULL,NULL,NULL,"resfb63","0","0","0","0","0","0",NULL
"64","64","Fragebogen 64: Rindviehzucht und Milchwirtschaft",NULL,NULL,NULL,NULL,"bafb64","0","0","0","0","0","0",NULL
"65","65","Fragebogen 65: Maurerhandwerk und Binderei",NULL,NULL,NULL,NULL,"resfb65","0","0","0","0","0","0",NULL
"66","66","Fragebogen 66: Weinbau",NULL,NULL,NULL,NULL,"bafb66","0","0","0","0","0","0",NULL
"67","67","Fragebogen 67: Geburt und Wochenbett; Frauenkleidg.  (Ergänzg. zu Fb. 40/41)",NULL,NULL,NULL,NULL,"resfb67","0","0","0","0","0","0",NULL
"68","68","Fragebogen 68: Zeit",NULL,NULL,NULL,NULL,"bafb68","0","0","0","0","0","0",NULL
"69","69","Fragebogen 69: Schweinezucht",,"0",,,"resfb69","0","0","0","0","1","0","1"
"70","70","Fragebogen 70: I. Schafzucht, II. Ziege",,"0",,,"bafb70","0","0","0","0","0","0","1"
"71","71","Fragebogen 71: Imkerei",NULL,NULL,NULL,NULL,"resfb71","0","0","0","0","0","0",NULL
"72","72","Fragebogen 72: Zeit zwischen Neujahr und Ostern",NULL,NULL,NULL,NULL,"resfb72","0","0","0","0","0","0",NULL
"73","73","Fragebogen 73: Schiffahrt",NULL,NULL,NULL,NULL,"bafb73","0","0","0","0","0","0",NULL
"74","74","Fragebogen 74: Hund und Katze",NULL,NULL,NULL,NULL,"bafb74","0","0","0","0","0","0",NULL
"75","75","Fragebogen 75: Geflügel",NULL,NULL,NULL,NULL,"resfb75","0","0","0","0","0","0",NULL
"76","76","Fragebogen 76: Das Pferd",NULL,NULL,NULL,NULL,"bafb76","0","0","0","0","0","0",NULL
"77","77","Fragebogen 77: Körperteile",NULL,NULL,NULL,NULL,"resfb77","0","0","0","0","0","0",NULL
"78","78","Fragebogen 78: Körperteile",NULL,NULL,NULL,NULL,"bafb78","0","0","0","0","0","0",NULL
"79","79","Fragebogen 79: Wiese und Heuarbeit",NULL,NULL,NULL,NULL,"resfb79","0","0","0","0","0","0",NULL
"80","80","Fragebogen 80: Fuhrwerke",NULL,NULL,NULL,NULL,"bafb80","0","0","0","0","0","0",NULL
"81","81","Fragebogen 81: Fuhrwerke (Fortsetzung)",NULL,NULL,NULL,NULL,"resfb81","0","0","0","0","0","0",NULL
"82","82","Fragebogen 82: Sprechen und Sprache",NULL,NULL,NULL,NULL,"bafb82","0","0","0","0","0","0",NULL
"83","83","Fragebogen 83: Himmel, Gestirne, Witterung",NULL,NULL,NULL,NULL,"resfb83","0","0","0","0","0","0",NULL
"84","84","Fragebogen 84: Der Schuster (A) - Landwirtschaftliche Geräte und Werkzeuge (B)",,"0",,,"bafb84","0","0","0","0","1","0","1"
"85","85","Fragebogen 85: Die Pflanzenwelt unserer Fluren",,"1926","Steinhauser, Walter",,"resfb85","0","0","0","0","0","0","1"
"86","86","Fragebogen 86: Gartenbau (A-F) - Alpenpflanzen (G)",,"1926","Steinhauser, Walter",,"bafb86","0","0","0","0","0","0","1"
"87","87","Fragebogen 87: Blutsverwandtschaft, Altersstufen",NULL,NULL,NULL,NULL,"resfb87","0","0","0","0","0","0",NULL
"88","88","Fragebogen 88: Geselligkeit, Freundschaft und Liebe",NULL,NULL,NULL,NULL,"bafb88","0","0","0","0","0","0",NULL
"89","89","Fragebogen 89: Religion und Kirche",NULL,NULL,NULL,NULL,"resfb89","0","0","0","0","0","0",NULL
"90","90","Fragebogen 90: Mythologisches",NULL,NULL,NULL,NULL,"bafb90","0","0","0","0","0","0",NULL
"91","91","Fragebogen 91: Schule und Unterricht",NULL,NULL,NULL,NULL,"resfb91","0","0","0","0","0","0",NULL
"92","92","Fragebogen 92: Der Bauernhof (1)",NULL,NULL,NULL,NULL,"bafb92","0","0","0","0","0","0",NULL
"93","93","Fragebogen 93: Der Bauernhof (2)",NULL,NULL,NULL,NULL,"resfb93","0","0","0","0","0","0",NULL
"94","94","Fragebogen 94: Feuer und Wärme",NULL,NULL,NULL,NULL,"bafb94","0","0","0","0","0","0",NULL
"95","95","Fragebogen 95: Licht",NULL,NULL,NULL,NULL,"resfb95","0","0","0","0","0","0",NULL
"96","96","Fragebogen 96: Weibliche Arbeiten",NULL,NULL,NULL,NULL,"bafb96","0","0","0","0","0","0",NULL
"97","97","Fragebogen 97: Essen und Trinken",NULL,NULL,NULL,NULL,"resfb97","0","0","0","0","0","0",NULL
"98","98","Fragebogen 98: Eßzeug, Waage, Gewichte und Maße",NULL,NULL,NULL,NULL,"bafb98","0","0","0","0","0","0",NULL
"99","99","Fragebogen 99: Speisen und Getränke",NULL,NULL,NULL,NULL,"resfb99","0","0","0","0","0","0",NULL
"100","100","Fragebogen 100: Die Feldfrüchte, ihr Anbau, ihr Wachstum und ihre Ernte",,"0",,,"bafb100","0","0","0","0","0","0","1"
"101","101","Fragebogen 101: Bierbrauerei",NULL,NULL,NULL,NULL,"resfb101","0","0","0","0","0","0",NULL
"102","102","Fragebogen 102: Hanf und Flachs und ihre Verwertung",NULL,NULL,NULL,NULL,"bafb102","0","0","0","0","0","0",NULL
"103","103","Fragebogen 103: Sehen, hören, fühlen",NULL,NULL,NULL,NULL,"resfb103","0","0","0","0","0","0",NULL
"104","104","Fragebogen 104: 1. Erdoberfläche (A-F) - 2. Straße und Weg (G-K)",,"0",,,"bafb104","0","0","0","0","0","0","1"
"105","105","Fragebogen 105: Verkehr",NULL,NULL,NULL,NULL,"resfb105","0","0","0","0","0","0",NULL
"106","106","Fragebogen 106: Wasser",NULL,NULL,NULL,NULL,"bafb106","0","0","0","0","0","0",NULL
"107","107","Fragebogen 107: Gewerbe",NULL,NULL,NULL,NULL,"bafb107","0","0","0","0","0","0",NULL
"108","108","Fragebogen 108: Gewerbe",NULL,NULL,NULL,NULL,"bafb108","0","0","0","0","0","0",NULL
"109","109","Fragebogen 109: Gewerbe",NULL,NULL,NULL,NULL,"bafb109","0","0","0","0","0","0",NULL
"110","EFb.1","1. Ergänzungsfragebogen",NULL,NULL,NULL,NULL,NULL,"0","0","0","0","0","0",NULL
"111","EFb.2","2. Ergänzungsfragebogen",NULL,NULL,NULL,NULL,NULL,"0","0","0","0","0","0",NULL
"112","EFb.3","3. Ergänzungsfragebogen",NULL,NULL,NULL,NULL,NULL,"0","0","0","0","0","0",NULL
"113","EFb.4","4. Ergänzungsfragebogen",NULL,NULL,NULL,NULL,NULL,"0","0","0","0","0","0",NULL
"114","EFb.5","5. Ergänzungsfragebogen",NULL,NULL,NULL,NULL,NULL,"0","0","0","0","0","0",NULL
"115","EFb.6","6. Ergänzungsfragebogen",NULL,NULL,NULL,NULL,NULL,"0","0","0","0","0","0",NULL
"116","EFb.7","7. Ergänzungsfragebogen",NULL,NULL,NULL,NULL,NULL,"0","0","0","0","0","0",NULL
"117","EFb.8","8. Ergänzungsfragebogen",NULL,NULL,NULL,NULL,NULL,"0","0","0","0","0","0",NULL
"118","EFb.9","9. Ergänzungsfragebogen",NULL,NULL,NULL,NULL,NULL,"0","0","0","0","0","0",NULL
"119","MüWi.1","1. Mundartgeographischer Fragebogen der Münchner und Wiener Wörterbuchkommissionen",NULL,NULL,NULL,NULL,NULL,"0","0","0","0","0","0",NULL
"120","MüWi.","1. Mundartgeographischer Sonderfragebogen der Münchner und Wiener Wörterbuchkommissionen",NULL,NULL,NULL,NULL,NULL,"0","0","0","0","0","0",NULL
"121","Wr.","Wrede-Fragebögen ",,"0",,,"(ACHTG. es müßte mehr als 24 geben!) - W2 fehlt (z.B. W2-21 Pilgei), er könnte sich um einen 2.Bogen von Wrede handeln --- ","0","0","0","0","0","0","1"
"122","180 [F.3]","180 [F.3]",,"0",,"gabrielskript",,"0","0","0","0","0","0","1"
"123","040/41 [F.3]","040/41 [F.3]",NULL,NULL,NULL,"gabrielskript",NULL,"0","0","0","0","0","0",NULL
"124","036 [F.1]","036 [F.1]",NULL,NULL,NULL,"gabrielskript",NULL,"0","0","0","0","0","0","1"
"125","212 [F.2]","212 [F.2]",NULL,NULL,NULL,"gabrielskript",NULL,"0","0","0","0","0","0","1"
"126","138 [F.2]","138 [F.2]",NULL,NULL,NULL,"gabrielskript",NULL,"0","0","0","0","0","0","1"
"127","150 [F.2]","Blumen und Bäume",,"0",,"gabrielskript",,"0","0","0","0","0","0","1"
"128","122 [F.3]","122 [F.3]",NULL,NULL,NULL,"gabrielskript",NULL,"0","0","0","0","0","0",NULL
"129","100 [F.1]","100 [F.1]",NULL,NULL,NULL,"gabrielskript",NULL,"0","0","0","0","0","0","1"
"130","133 [F.3]","133 [F.3]",NULL,NULL,NULL,"gabrielskript",NULL,"0","0","0","0","0","0",NULL
"131","011/12 [F.3]","011/12 [F.3]",NULL,NULL,NULL,"gabrielskript",NULL,"0","0","0","0","0","0",NULL
"132","132 [F.2]","Freilebende Tiere (Sg./Pl. wichtig)",,"0",,"gabrielskript",,"0","0","0","0","0","0","1"
"133","141 [F.2]","Die Zeiteinteilung",,"0",,"gabrielskript",,"0","0","0","0","0","0","1"
"134","105 [F.2]","105 [F.2]",NULL,NULL,NULL,"gabrielskript",NULL,"0","0","0","0","0","0","1"
"135","186 [F.2]","Essen und Trinken: Die traditionellen ortsüblichen Mahlzeiten Im Sommer und Winter verschieden? (zeitlich fixieren), allfällige weitere Mahlzeiten. Gab es eine festgefügte, tradierte Speiseordnung nach Wochentagen? Was gab es am Montag (früh/mittags/abends), am Dienstag ... etc.?",,"0",,"gabrielskript",,"0","0","0","0","0","0","1"
"136","005 [F.1]","005 [F.1]",NULL,NULL,NULL,"gabrielskript",NULL,"0","0","0","0","0","0",NULL
"137","135 [F.3]","135 [F.3]",NULL,NULL,NULL,"gabrielskript",NULL,"0","0","0","0","0","0",NULL
"138","058 [F.1]","Schlitten",,"0",,"gabrielskript",,"0","0","0","0","0","0","1"
"139","045 [F.2]","045 [F.2]",NULL,NULL,NULL,"gabrielskript",NULL,"0","0","0","0","0","0",NULL
"140","116 [F.2]","116 [F.2]",NULL,NULL,NULL,"gabrielskript",NULL,"0","0","0","0","0","0","1"
"141","032 [F.2]","Der Stall",,"0",,"gabrielskript",,"0","0","0","0","0","0","1"
"142","033 [F.3]","033 [F.3]",NULL,NULL,NULL,"gabrielskript",NULL,"0","0","0","0","0","0",NULL
"143","040 [F.1]","040 [F.1]",NULL,NULL,NULL,"gabrielskript",NULL,"0","0","0","0","0","0",NULL
"144","035/36 [F.3]","035/36 [F.3]",NULL,NULL,NULL,"gabrielskript",NULL,"0","0","0","0","0","0",NULL
"145","011/12 [F.1]","Weidgang und Pflege des Rindviehs",,"0",,"gabrielskript",,"0","0","0","0","0","0","1"
"146","083 [F.1]","083 [F.1]",NULL,NULL,NULL,"gabrielskript",NULL,"0","0","0","0","0","0",NULL
"147","123 [F.3]","123 [F.3]",NULL,NULL,NULL,"gabrielskript",NULL,"0","0","0","0","0","0",NULL
"148","038/39a [F.3]","038/39a [F.3]",NULL,NULL,NULL,"gabrielskript",NULL,"0","0","0","0","0","0",NULL
"149","179 [F.1]","Verschiedenes",,"0",,"gabrielskript",,"0","0","0","0","0","0","1"
"150","057 [F.3]","057 [F.3]",NULL,NULL,NULL,"gabrielskript",NULL,"0","0","0","0","0","0","1"
"151","156 [F.3]","Wiesen und Weiden (Zuerst feststellen, ob außer der Talstufe noch andere Grasbewirtschaftungen vorhanden sind)",,"0",,"gabrielskript",,"0","0","0","0","0","0","1"
"152","070/71 [F.3]","070/71 [F.3]",NULL,NULL,NULL,"gabrielskript",NULL,"0","0","0","0","0","0",NULL
"153","188 [F.1]","188 [F.1]",NULL,NULL,NULL,"gabrielskript",NULL,"0","0","0","0","0","0",NULL
"154","069 [F.1]","069 [F.1]",NULL,NULL,NULL,"gabrielskript",NULL,"0","0","0","0","0","0",NULL
"155","134 [F.3]","134 [F.3]",NULL,NULL,NULL,"gabrielskript",NULL,"0","0","0","0","0","0",NULL
"156","198 [F.1]","198 [F.1]",NULL,NULL,NULL,"gabrielskript",NULL,"0","0","0","0","0","0",NULL
"157","151 [F.3]","151 [F.3]",NULL,NULL,NULL,"gabrielskript",NULL,"0","0","0","0","0","0",NULL
"158","094 [F.2]","094 [F.2]",NULL,NULL,NULL,"gabrielskript",NULL,"0","0","0","0","0","0","1"
"159","149 [F.2]","149 [F.2]",NULL,NULL,NULL,"gabrielskript",NULL,"0","0","0","0","0","0","1"
"160","095 [F.3]","095 [F.3]",NULL,NULL,NULL,"gabrielskript",NULL,"0","0","0","0","0","0",NULL
"161","110 [F.1]","110 [F.1]",NULL,NULL,NULL,"gabrielskript",NULL,"0","0","0","0","0","0",NULL
"162","030 [F.3]","Hund",,"0",,"gabrielskript",,"0","0","0","0","0","0","1"
"163","142 [F.3]","142 [F.3]",NULL,NULL,NULL,"gabrielskript",NULL,"0","0","0","0","0","0",NULL
"164","143 [F.3]","143 [F.3]",NULL,NULL,NULL,"gabrielskript",NULL,"0","0","0","0","0","0",NULL
"165","143 [F.2]","143 [F.2]",NULL,NULL,NULL,"gabrielskript",NULL,"0","0","0","0","0","0","1"
"166","081 [F.2]","081 [F.2]",NULL,NULL,NULL,"gabrielskript",NULL,"0","0","0","0","0","0",NULL
"167","152 [F.2]","152 [F.2]",NULL,NULL,NULL,"gabrielskript",NULL,"0","0","0","0","0","0",NULL
"168","124 [F.3]","124 [F.3]",NULL,NULL,NULL,"gabrielskript",NULL,"0","0","0","0","0","0","1"
"169","125 [F.2]","Die menschliche Gemeinschaft",,"0",,"gabrielskript",,"0","0","0","0","0","0","1"
"170","050 [F.3]","Heu einführen",,"0",,"gabrielskript",,"0","0","0","0","0","0","1"
"171","084 [F.1]","084 [F.1]",NULL,NULL,NULL,"gabrielskript",NULL,"0","0","0","0","0","0",NULL
"172","019 [F.2]","019 [F.2]",NULL,NULL,NULL,"gabrielskript",NULL,"0","0","0","0","0","0",NULL
"173","130 [F.2]","130 [F.2]",NULL,NULL,NULL,"gabrielskript",NULL,"0","0","0","0","0","0","1"
"174","051 [F.2]","051 [F.2]",NULL,NULL,NULL,"gabrielskript",NULL,"0","0","0","0","0","0",NULL
"175","018 [F.2]","018 [F.2]",NULL,NULL,NULL,"gabrielskript",NULL,"0","0","0","0","0","0","1"
"176","019 [F.3]","019 [F.3]",NULL,NULL,NULL,"gabrielskript",NULL,"0","0","0","0","0","0",NULL
"177","108 [F.1]","Schiffahrt und Fischerei (nur an Orten, wo ein größerer See oder Fluß)",,"0",,"gabrielskript",,"0","0","0","0","0","0","1"
"178","090 [F.3]","Alpwirtschaft (Falls nicht üblich, nur Butter- und Käsebereitung erfragen!)",,"0",,"gabrielskript",,"0","0","0","0","0","0","1"
"179","091 [F.2]","091 [F.2]",NULL,NULL,NULL,"gabrielskript",NULL,"0","0","0","0","0","0",NULL
"180","075 [F.1]","075 [F.1]",NULL,NULL,NULL,"gabrielskript",NULL,"0","0","0","0","0","0",NULL
"181","183 [F.1]","Bekleidung",,"0",,"gabrielskript",,"0","0","0","0","0","0","1"
"182","043 [F.2]","043 [F.2]",NULL,NULL,NULL,"gabrielskript",NULL,"0","0","0","0","0","0",NULL
"183","042 [F.3]","Dachstuhl",,"0",,"gabrielskript",,"0","0","0","0","0","0","1"
"184","113 [F.1]","113 [F.1]",NULL,NULL,NULL,"gabrielskript",NULL,"0","0","0","0","0","0","1"
"185","013 [F.1]","013 [F.1]",NULL,NULL,NULL,"gabrielskript",NULL,"0","0","0","0","0","0","1"
"186","031 [F.3]","Katze",,"0",,"gabrielskript",,"0","0","0","0","0","0","1"
"187","008 [F.1]","008 [F.1]",NULL,NULL,NULL,"gabrielskript",NULL,"0","0","0","0","0","0","1"
"188","209 [F.2]","209 [F.2]",NULL,NULL,NULL,"gabrielskript",NULL,"0","0","0","0","0","0","1"
"189","056 [F.3]","056 [F.3]",NULL,NULL,NULL,"gabrielskript",NULL,"0","0","0","0","0","0",NULL
"190","208 [F.3]","208 [F.3]",NULL,NULL,NULL,"gabrielskript",NULL,"0","0","0","0","0","0",NULL
"191","086/87 [F.1]","086/87 [F.1]",NULL,NULL,NULL,"gabrielskript",NULL,"0","0","0","0","0","0",NULL
"192","121 [F.1]","121 [F.1]",NULL,NULL,NULL,"gabrielskript",NULL,"0","0","0","0","0","0",NULL
"193","210 [F.1]","Zahlen",,"0",,"gabrielskript",,"0","0","0","0","0","0","1"
"194","210 [F.2]","Zahlen",,"0",,"gabrielskript",,"0","0","0","0","0","0","1"
"195","055 [F.1]","055 [F.1]",NULL,NULL,NULL,"gabrielskript",NULL,"0","0","0","0","0","0",NULL
"196","048 [F.1]","048 [F.1]",NULL,NULL,NULL,"gabrielskript",NULL,"0","0","0","0","0","0",NULL
"197","154 [F.1]","154 [F.1]",NULL,NULL,NULL,"gabrielskript",NULL,"0","0","0","0","0","0","1"
"198","069 [F.2]","069 [F.2]",NULL,NULL,NULL,"gabrielskript",NULL,"0","0","0","0","0","0",NULL
"199","157 [F.3]","157 [F.3]",NULL,NULL,NULL,"gabrielskript",NULL,"0","0","0","0","0","0",NULL
"200","050 [F.2]","050 [F.2]",NULL,NULL,NULL,"gabrielskript",NULL,"0","0","0","0","0","0",NULL
"201","195 [F.1]","195 [F.1]",NULL,NULL,NULL,"gabrielskript",NULL,"0","0","0","0","0","0",NULL
"202","136 [F.1]","Wetter",,"0",,"gabrielskript",,"0","0","0","0","0","0","1"
"203","202 [F.1]","202 [F.1]",NULL,NULL,NULL,"gabrielskript",NULL,"0","0","0","0","0","0",NULL
"204","025 [F.1]","Geflügel",,"0",,"gabrielskript",,"0","0","0","0","0","0","1"
"205","047 [F.3]","047 [F.3]",NULL,NULL,NULL,"gabrielskript",NULL,"0","0","0","0","0","0",NULL
"206","046 [F.2]","046 [F.2]",NULL,NULL,NULL,"gabrielskript",NULL,"0","0","0","0","0","0",NULL
"207","072 [F.1]","Getreideanbau (Stadt: welche Getreidearten kennt ihr?)",,"0",,"gabrielskript",,"0","0","0","0","0","0","1"
"208","180 [F.1]","180 [F.1]",NULL,NULL,NULL,"gabrielskript",NULL,"0","0","0","0","0","0",NULL
"209","060a [F.1]","060a [F.1]",NULL,NULL,NULL,"gabrielskript",NULL,"0","0","0","0","0","0","1"
"210","014 [F.1]","014 [F.1]",NULL,NULL,NULL,"gabrielskript",NULL,"0","0","0","0","0","0",NULL
"211","144 [F.1]","144 [F.1]",NULL,NULL,NULL,"gabrielskript",NULL,"0","0","0","0","0","0",NULL
"212","037 [F.2]","037 [F.2]",NULL,NULL,NULL,"gabrielskript",NULL,"0","0","0","0","0","0","1"
"213","122 [F.1]","122 [F.1]",NULL,NULL,NULL,"gabrielskript",NULL,"0","0","0","0","0","0",NULL
"214","100/107 [F.3]","100/107 [F.3]",NULL,NULL,NULL,"gabrielskript",NULL,"0","0","0","0","0","0",NULL
"215","056 [F.1]","056 [F.1]",NULL,NULL,NULL,"gabrielskript",NULL,"0","0","0","0","0","0",NULL
"216","184 [F.3]","184 [F.3]",NULL,NULL,NULL,"gabrielskript",NULL,"0","0","0","0","0","0",NULL
"217","157 [F.1]","157 [F.1]",NULL,NULL,NULL,"gabrielskript",NULL,"0","0","0","0","0","0",NULL
"218","127 [F.2]","127 [F.2]",NULL,NULL,NULL,"gabrielskript",NULL,"0","0","0","0","0","0","1"
"219","029 [F.2]","Pferd",,"0",,"gabrielskript",,"0","0","0","0","0","0","1"
"220","148 [F.3]","Richtungs- und Ortsadverbien",,"0",,"gabrielskript",,"0","0","0","0","0","0","1"
"221","053 [F.2]","Wagen, Karren, Schlitten",,"0",,"gabrielskript",,"0","0","0","0","0","0","1"
"222","164 [F.1]","Frauenarbeiten",,"0",,"gabrielskript",,"0","0","0","0","0","0","1"
"223","135 [F.1]","135 [F.1]",NULL,NULL,NULL,"gabrielskript",NULL,"0","0","0","0","0","0",NULL
"224","205 [F.1]","Familie und Verwandtschaft",,"0",,"gabrielskript",,"0","0","0","0","0","0","1"
"225","076 [F.2]","076 [F.2]",NULL,NULL,NULL,"gabrielskript",NULL,"0","0","0","0","0","0",NULL
"226","197 [F.2]","197 [F.2]",NULL,NULL,NULL,"gabrielskript",NULL,"0","0","0","0","0","0",NULL
"227","060b [F.1]","060b [F.1]",NULL,NULL,NULL,"gabrielskript",NULL,"0","0","0","0","0","0","1"
"228","077 [F.3]","077 [F.3]",NULL,NULL,NULL,"gabrielskript",NULL,"0","0","0","0","0","0",NULL
"229","058/59 [F.3]","058/59 [F.3]",NULL,NULL,NULL,"gabrielskript",NULL,"0","0","0","0","0","0","1"
"230","093 [F.2]","Buttern",,"0",,"gabrielskript",,"0","0","0","0","0","0","1"
"231","059 [F.2]","059 [F.2]",NULL,NULL,NULL,"gabrielskript",NULL,"0","0","0","0","0","0",NULL
"232","010 [F.2]","010 [F.2]",NULL,NULL,NULL,"gabrielskript",NULL,"0","0","0","0","0","0",NULL
"233","192 [F.1]","192 [F.1]",NULL,NULL,NULL,"gabrielskript",NULL,"0","0","0","0","0","0",NULL
"234","173 [F.1]","173 [F.1]",NULL,NULL,NULL,"gabrielskript",NULL,"0","0","0","0","0","0",NULL
"235","033 [F.1]","033 [F.1]",NULL,NULL,NULL,"gabrielskript",NULL,"0","0","0","0","0","0",NULL
"236","022 [F.1]","022 [F.1]",NULL,NULL,NULL,"gabrielskript",NULL,"0","0","0","0","0","0","1"
"237","083a [F.2]","Nutzholz",,"0",,"gabrielskript",,"0","0","0","0","0","0","1"
"238","098 [F.3]","Ziegerbereitung (Vorkommen?)",,"0",,"gabrielskript",,"0","0","0","0","0","0","1"
"239","184 [F.1]","184 [F.1]",NULL,NULL,NULL,"gabrielskript",NULL,"0","0","0","0","0","0",NULL
"240","061 [F.1]","A c k e r b a u",,NULL,NULL,"gabrielskript",NULL,"0","0","0","0","0","0","1"
"241","133 [F.1]","133 [F.1]",NULL,NULL,NULL,"gabrielskript",NULL,"0","0","0","0","0","0",NULL
"242","083 [F.3]","083 [F.3]",NULL,NULL,NULL,"gabrielskript",NULL,"0","0","0","0","0","0",NULL
"243","016 [F.2]","016 [F.2]",NULL,NULL,NULL,"gabrielskript",NULL,"0","0","0","0","0","0",NULL
"244","082 [F.2]","082 [F.2]",NULL,NULL,NULL,"gabrielskript",NULL,"0","0","0","0","0","0",NULL
"245","191 [F.1]","191 [F.1]",NULL,NULL,NULL,"gabrielskript",NULL,"0","0","0","0","0","0",NULL
"246","085 [F.3]","085 [F.3]",NULL,NULL,NULL,"gabrielskript",NULL,"0","0","0","0","0","0",NULL
"247","201 [F.2]","Spiele",,"0",,"gabrielskript",,"0","0","0","0","0","0","1"
"248","070/71 [F.1]","070/71 [F.1]",NULL,NULL,NULL,"gabrielskript",NULL,"0","0","0","0","0","0","1"
"249","099 [F.2]","Alpgebäude",,"0",,"gabrielskript",,"0","0","0","0","0","0","1"
"250","079a [F.3]","Maisanbau (nur in tieferen Lagen möglich; falls nur Futtermais angebaut, nicht erheben)",,"0",,"gabrielskript",,"0","0","0","0","0","0","1"
"251","166 [F.2]","166 [F.2]",NULL,NULL,NULL,"gabrielskript",NULL,"0","0","0","0","0","0","1"
"252","207 [F.2]","207 [F.2]",NULL,NULL,NULL,"gabrielskript",NULL,"0","0","0","0","0","0","1"
"253","074 [F.3]","074 [F.3]",NULL,NULL,NULL,"gabrielskript",NULL,"0","0","0","0","0","0",NULL
"254","177 [F.2]","177 [F.2]",,"0",,"gabrielskript",,"0","0","0","0","0","0","1"
"255","044 [F.2]","044 [F.2]",NULL,NULL,NULL,"gabrielskript",NULL,"0","0","0","0","0","0",NULL
"256","176 [F.3]","176 [F.3]",NULL,NULL,NULL,"gabrielskript",NULL,"0","0","0","0","0","0",NULL
"257","101/5 [F.3]","101/5 [F.3]",NULL,NULL,NULL,"gabrielskript",NULL,"0","0","0","0","0","0",NULL
"258","095 [F.1]","095 [F.1]",NULL,NULL,NULL,"gabrielskript",NULL,"0","0","0","0","0","0","1"
"259","030 [F.1]","Hund",,"0",,"gabrielskript",,"0","0","0","0","0","0","1"
"260","171 [F.2]","171 [F.2]",NULL,NULL,NULL,"gabrielskript",NULL,"0","0","0","0","0","0","1"
"261","009 [F.3]","009 [F.3]",NULL,NULL,NULL,"gabrielskript",NULL,"0","0","0","0","0","0",NULL
"262","200 [F.1]","200 [F.1]",NULL,NULL,NULL,"gabrielskript",NULL,"0","0","0","0","0","0",NULL
"263","035 [F.2]","035 [F.2]",NULL,NULL,NULL,"gabrielskript",NULL,"0","0","0","0","0","0",NULL
"264","063 [F.2]","063 [F.2]",NULL,NULL,NULL,"gabrielskript",NULL,"0","0","0","0","0","0",NULL
"265","102 [F.1]","102 [F.1]",NULL,NULL,NULL,"gabrielskript",NULL,"0","0","0","0","0","0",NULL
"266","107a [F.1]","Mostereiwesen",,"0",,"gabrielskript",,"0","0","0","0","0","0","1"
"267","049 [F.3]","Heu eintragen: Den Hergang (bei geeignetem Gw.) erzählen lassen und auf Sp.-Belege achten (Verbformen, Konjunktionen etc.), die Geräte sachl. fix.! Die Seilburde (nicht Winterheu! Evtl. nur in Bergwiesen). Die mit Zahlen versehenen Termini auf jeden Fall erheben",,"0",,"gabrielskript",,"0","0","0","0","0","0","1"
"268","066 [F.1]","Obst und Beeren",,"0",,"gabrielskript",,"0","0","0","0","0","0","1"
"269","084 [F.3]","084 [F.3]",NULL,NULL,NULL,"gabrielskript",NULL,"0","0","0","0","0","0",NULL
"270","007 [F.1]","007 [F.1]",NULL,NULL,NULL,"gabrielskript",NULL,"0","0","0","0","0","0",NULL
"271","119 [F.1]","119 [F.1]",NULL,NULL,NULL,"gabrielskript",NULL,"0","0","0","0","0","0",NULL
"272","019 [F.1]","019 [F.1]",NULL,NULL,NULL,"gabrielskript",NULL,"0","0","0","0","0","0",NULL
"273","144 [F.3]","144 [F.3]",NULL,NULL,NULL,"gabrielskript",NULL,"0","0","0","0","0","0",NULL
"274","027/28 [F.2]","027/28 [F.2]",NULL,NULL,NULL,"gabrielskript",NULL,"0","0","0","0","0","0","1"
"275","069 [F.3]","069 [F.3]",NULL,NULL,NULL,"gabrielskript",NULL,"0","0","0","0","0","0",NULL
"276","005/6 [F.3]","005/6 [F.3]",NULL,NULL,NULL,"gabrielskript",NULL,"0","0","0","0","0","0",NULL
"277","190 [F.3]","190 [F.3]",NULL,NULL,NULL,"gabrielskript",NULL,"0","0","0","0","0","0",NULL
"278","068 [F.2]","068 [F.2]",NULL,NULL,NULL,"gabrielskript",NULL,"0","0","0","0","0","0","1"
"279","021 [F.2]","021 [F.2]",NULL,NULL,NULL,"gabrielskript",NULL,"0","0","0","0","0","0",NULL
"280","175 [F.3]","Brotbacken",,"0",,"gabrielskript",,"0","0","0","0","0","0","1"
"281","020 [F.3]","Schafe (feststellen, ob gezüchtet!)",,"0",,"gabrielskript",,"0","0","0","0","0","0","1"
"282","042 [F.1]","042 [F.1]",NULL,NULL,NULL,"gabrielskript",NULL,"0","0","0","0","0","0",NULL
"283","013 [F.3]","013 [F.3]",NULL,NULL,NULL,"gabrielskript",NULL,"0","0","0","0","0","0",NULL
"284","008 [F.3]","008 [F.3]",NULL,NULL,NULL,"gabrielskript",NULL,"0","0","0","0","0","0",NULL
"285","098 [F.1]","098 [F.1]",NULL,NULL,NULL,"gabrielskript",NULL,"0","0","0","0","0","0","1"
"286","138 [F.1]","138 [F.1]",NULL,NULL,NULL,"gabrielskript",NULL,"0","0","0","0","0","0",NULL
"287","208 [F.1]","208 [F.1]",NULL,NULL,NULL,"gabrielskript",NULL,"0","0","0","0","0","0",NULL
"288","086/87 [F.3]","086/87 [F.3]",NULL,NULL,NULL,"gabrielskript",NULL,"0","0","0","0","0","0",NULL
"289","080 [F.2]","Wald und Holz",,"0",,"gabrielskript",,"0","0","0","0","0","0","1"
"290","003 [F.2]","003 [F.2]",NULL,NULL,NULL,"gabrielskript",NULL,"0","0","0","0","0","0",NULL
"291","100 [F.2]","Weinbau",,"0",,"gabrielskript",,"0","0","0","0","0","0","1"
"292","048 [F.3]","048 [F.3]",NULL,NULL,NULL,"gabrielskript",NULL,"0","0","0","0","0","0",NULL
"293","002 [F.3]","Rindvieh",,"0",,"gabrielskript",,"0","0","0","0","0","0","1"
"294","105 [F.1]","105 [F.1]",NULL,NULL,NULL,"gabrielskript",NULL,"0","0","0","0","0","0",NULL
"295","195 [F.3]","195 [F.3]",NULL,NULL,NULL,"gabrielskript",NULL,"0","0","0","0","0","0",NULL
"296","005 [F.2]","005 [F.2]",NULL,NULL,NULL,"gabrielskript",NULL,"0","0","0","0","0","0",NULL
"297","202 [F.3]","202 [F.3]",NULL,NULL,NULL,"gabrielskript",NULL,"0","0","0","0","0","0",NULL
"298","079 [F.2]","Hanf und Flachs: Kommt Flachsanbau vor? Erzählen lassen",,"0",,"gabrielskript",,"0","0","0","0","0","0","1"
"299","194 [F.2]","194 [F.2]",NULL,NULL,NULL,"gabrielskript",NULL,"0","0","0","0","0","0","1"
"300","025 [F.3]","Geflügel",,"0",,"gabrielskript",,"0","0","0","0","0","0","1"
"301","024 [F.2]","024 [F.2]",NULL,NULL,NULL,"gabrielskript",NULL,"0","0","0","0","0","0",NULL
"302","160 [F.2]","160 [F.2]",NULL,NULL,NULL,"gabrielskript",NULL,"0","0","0","0","0","0",NULL
"303","072 [F.3]","072 [F.3]",NULL,NULL,NULL,"gabrielskript",NULL,"0","0","0","0","0","0",NULL
"304","161 [F.3]","161 [F.3]",NULL,NULL,NULL,"gabrielskript",NULL,"0","0","0","0","0","0",NULL
"305","128 [F.1]","128 [F.1]",NULL,NULL,NULL,"gabrielskript",NULL,"0","0","0","0","0","0",NULL
"306","116 [F.1]","Fischsorten",,"0",,"gabrielskript",,"0","0","0","0","0","0","1"
"307","073 [F.2]","073 [F.2]",NULL,NULL,NULL,"gabrielskript",NULL,"0","0","0","0","0","0",NULL
"308","174 [F.3]","174 [F.3]",NULL,NULL,NULL,"gabrielskript",NULL,"0","0","0","0","0","0",NULL
"309","129 [F.1]","Kirche",,"0",,"gabrielskript",,"0","0","0","0","0","0","1"
"310","023 [F.3]","Schweine",,"0",,"gabrielskript",,"0","0","0","0","0","0","1"
"311","041 [F.1]","041 [F.1]",NULL,NULL,NULL,"gabrielskript",NULL,"0","0","0","0","0","0",NULL
"312","014 [F.3]","014 [F.3]",NULL,NULL,NULL,"gabrielskript",NULL,"0","0","0","0","0","0",NULL
"313","158/159 [F.3]","158/159 [F.3]",NULL,NULL,NULL,"gabrielskript",NULL,"0","0","0","0","0","0",NULL
"314","181 [F.2]","181 [F.2]",NULL,NULL,NULL,"gabrielskript",NULL,"0","0","0","0","0","0",NULL
"315","015 [F.2]","015 [F.2]",NULL,NULL,NULL,"gabrielskript",NULL,"0","0","0","0","0","0",NULL
"316","107b [F.2]","Schnapsbrennen",,"0",,"gabrielskript",,"0","0","0","0","0","0","1"
"317","200 [F.3]","200 [F.3]",NULL,NULL,NULL,"gabrielskript",NULL,"0","0","0","0","0","0",NULL
"318","065 [F.2]","065 [F.2]",NULL,NULL,NULL,"gabrielskript",NULL,"0","0","0","0","0","0",NULL
"319","211 [F.2]","211 [F.2]",,"0",,"gabrielskript",,"0","0","0","0","0","0","1"
"320","064 [F.3]","064 [F.3]",NULL,NULL,NULL,"gabrielskript",NULL,"0","0","0","0","0","0",NULL
"321","140 [F.3]","140 [F.3]",NULL,NULL,NULL,"gabrielskript",NULL,"0","0","0","0","0","0","1"
"322","021/22 [F.3]","021/22 [F.3]",NULL,NULL,NULL,"gabrielskript",NULL,"0","0","0","0","0","0",NULL
"323","001 [F.3]","Einleitungsfragen",,"0",,"gabrielskript",,"0","0","0","0","0","0","1"
"324","188 [F.2]","188 [F.2]",NULL,NULL,NULL,"gabrielskript",NULL,"0","0","0","0","0","0","1"
"325","164 [F.3]","Frauenarbeiten",,"0",,"gabrielskript",,"0","0","0","0","0","0","1"
"326","205 [F.3]","Familie und Verwandtschaft",,"0",,"gabrielskript",,"0","0","0","0","0","0","1"
"327","165 [F.2]","165 [F.2]",NULL,NULL,NULL,"gabrielskript",NULL,"0","0","0","0","0","0","1"
"328","204 [F.2]","204 [F.2]",NULL,NULL,NULL,"gabrielskript",NULL,"0","0","0","0","0","0","1"
"329","077 [F.1]","077 [F.1]",NULL,NULL,NULL,"gabrielskript",NULL,"0","0","0","0","0","0",NULL
"330","159 [F.2]","159 [F.2]",NULL,NULL,NULL,"gabrielskript",NULL,"0","0","0","0","0","0","1"
"331","162 [F.3]","162 [F.3]",NULL,NULL,NULL,"gabrielskript",NULL,"0","0","0","0","0","0",NULL
"332","192 [F.3]","192 [F.3]",NULL,NULL,NULL,"gabrielskript",NULL,"0","0","0","0","0","0",NULL
"333","111 [F.1]","111 [F.1]",NULL,NULL,NULL,"gabrielskript",NULL,"0","0","0","0","0","0",NULL
"334","011 [F.1]","011 [F.1]",,"0",,"gabrielskript",,"0","0","0","0","0","0","1"
"335","173 [F.3]","173 [F.3]",NULL,NULL,NULL,"gabrielskript",NULL,"0","0","0","0","0","0",NULL
"336","149 [F.1]","149 [F.1]",NULL,NULL,NULL,"gabrielskript",NULL,"0","0","0","0","0","0","1"
"337","172 [F.2]","172 [F.2]",NULL,NULL,NULL,"gabrielskript",NULL,"0","0","0","0","0","0","1"
"338","199 [F.2]","199 [F.2]",NULL,NULL,NULL,"gabrielskript",NULL,"0","0","0","0","0","0","1"
"339","061 [F.3]","Ackerbau",,"0",,"gabrielskript",,"0","0","0","0","0","0","1"
"340","088/89 [F.2]","088/89 [F.2]",NULL,NULL,NULL,"gabrielskript",NULL,"0","0","0","0","0","0","1"
"341","184 [F.2]","184 [F.2]",NULL,NULL,NULL,"gabrielskript",NULL,"0","0","0","0","0","0","1"
"342","198 [F.3]","198 [F.3]",NULL,NULL,NULL,"gabrielskript",NULL,"0","0","0","0","0","0",NULL
"343","060 [F.2]","060 [F.2]",NULL,NULL,NULL,"gabrielskript",NULL,"0","0","0","0","0","0",NULL
"344","148 [F.2]","Richtungs- und Ortsadverbien",,"0",,"gabrielskript",,"0","0","0","0","0","0","1"
"345","152 [F.1]","152 [F.1]",NULL,NULL,NULL,"gabrielskript",NULL,"0","0","0","0","0","0",NULL
"346","067 [F.3]","067 [F.3]",NULL,NULL,NULL,"gabrielskript",NULL,"0","0","0","0","0","0",NULL
"347","106 [F.2]","106 [F.2]",NULL,NULL,NULL,"gabrielskript",NULL,"0","0","0","0","0","0","1"
"348","085 [F.1]","085 [F.1]",NULL,NULL,NULL,"gabrielskript",NULL,"0","0","0","0","0","0","1"
"349","130 [F.1]","130 [F.1]",NULL,NULL,NULL,"gabrielskript",NULL,"0","0","0","0","0","0",NULL
"350","079a [F.1]","079a [F.1]",NULL,NULL,NULL,"gabrielskript",NULL,"0","0","0","0","0","0","1"
"351","108 [F.2]","Schiffahrt und Fischerei",,"0",,"gabrielskript",,"0","0","0","0","0","0","1"
"352","196 [F.2]","196 [F.2]",NULL,NULL,NULL,"gabrielskript",NULL,"0","0","0","0","0","0",NULL
"353","115 [F.2]","115 [F.2]",NULL,NULL,NULL,"gabrielskript",NULL,"0","0","0","0","0","0","1"
"354","074 [F.1]","074 [F.1]",NULL,NULL,NULL,"gabrielskript",NULL,"0","0","0","0","0","0",NULL
"355","182 [F.1]","182 [F.1]",NULL,NULL,NULL,"gabrielskript",NULL,"0","0","0","0","0","0",NULL
"356","026 [F.2]","026 [F.2]",NULL,NULL,NULL,"gabrielskript",NULL,"0","0","0","0","0","0",NULL
"357","176 [F.1]","176 [F.1]",NULL,NULL,NULL,"gabrielskript",NULL,"0","0","0","0","0","0",NULL
"358","163 [F.3]","163 [F.3]",NULL,NULL,NULL,"gabrielskript",NULL,"0","0","0","0","0","0",NULL
"359","038/39 [F.3]","038/39 [F.3]",NULL,NULL,NULL,"gabrielskript",NULL,"0","0","0","0","0","0",NULL
"360","146 [F.1]","146 [F.1]",NULL,NULL,NULL,"gabrielskript",NULL,"0","0","0","0","0","0",NULL
"361","113 [F.2]","113 [F.2]",NULL,NULL,NULL,"gabrielskript",NULL,"0","0","0","0","0","0",NULL
"362","009 [F.1]","009 [F.1]",NULL,NULL,NULL,"gabrielskript",NULL,"0","0","0","0","0","0",NULL
"363","168 [F.2]","168 [F.2]",NULL,NULL,NULL,"gabrielskript",NULL,"0","0","0","0","0","0",NULL
"364","139 [F.3]","139 [F.3]",NULL,NULL,NULL,"gabrielskript",NULL,"0","0","0","0","0","0",NULL
"365","017 [F.2]","Ziegen",,"0",,"gabrielskript",,"0","0","0","0","0","0","1"
"366","169 [F.3]","169 [F.3]",NULL,NULL,NULL,"gabrielskript",NULL,"0","0","0","0","0","0",NULL
"367","120 [F.1]","120 [F.1]",NULL,NULL,NULL,"gabrielskript",NULL,"0","0","0","0","0","0",NULL
"368","102 [F.3]","102 [F.3]",NULL,NULL,NULL,"gabrielskript",NULL,"0","0","0","0","0","0",NULL
"369","185 [F.2]","185 [F.2]",NULL,NULL,NULL,"gabrielskript",NULL,"0","0","0","0","0","0",NULL
"370","103 [F.2]","103 [F.2]",NULL,NULL,NULL,"gabrielskript",NULL,"0","0","0","0","0","0","1"
"371","107 [F.3]","Schnapsbrennen",,"0",,"gabrielskript",,"0","0","0","0","0","0","1"
"372","049 [F.1]","049 [F.1]",NULL,NULL,NULL,"gabrielskript",NULL,"0","0","0","0","0","0",NULL
"373","163 [F.1]","163 [F.1]",NULL,NULL,NULL,"gabrielskript",NULL,"0","0","0","0","0","0",NULL
"374","155 [F.1]","155 [F.1]",NULL,NULL,NULL,"gabrielskript",NULL,"0","0","0","0","0","0",NULL
"375","066 [F.3]","066 [F.3]",NULL,NULL,NULL,"gabrielskript",NULL,"0","0","0","0","0","0","1"
"376","007 [F.3]","007 [F.3]",NULL,NULL,NULL,"gabrielskript",NULL,"0","0","0","0","0","0",NULL
"377","104 [F.3]","104 [F.3]",NULL,NULL,NULL,"gabrielskript",NULL,"0","0","0","0","0","0",NULL
"378","006 [F.2]","006 [F.2]",NULL,NULL,NULL,"gabrielskript",NULL,"0","0","0","0","0","0",NULL
"379","119 [F.3]","119 [F.3]",NULL,NULL,NULL,"gabrielskript",NULL,"0","0","0","0","0","0",NULL
"380","054 [F.1]","Vorderwagen",NULL,NULL,NULL,"gabrielskript",NULL,"0","0","0","0","0","0","1"
"381","118 [F.2]","118 [F.2]",NULL,NULL,NULL,"gabrielskript",NULL,"0","0","0","0","0","0","1"
"382","167 [F.2]","167 [F.2]",NULL,NULL,NULL,"gabrielskript",NULL,"0","0","0","0","0","0","1"
"383","206 [F.2]","206 [F.2]",NULL,NULL,NULL,"gabrielskript",NULL,"0","0","0","0","0","0","1"
"384","190 [F.1]","190 [F.1]",NULL,NULL,NULL,"gabrielskript",NULL,"0","0","0","0","0","0",NULL
"385","117 [F.3]","Körperteile",,"0",,"gabrielskript",,"0","0","0","0","0","0","1"
"386","175 [F.1]","Brotbacken",,"0",,"gabrielskript",,"0","0","0","0","0","0","1"
"387","180 [F.2]","180 [F.2]",NULL,NULL,NULL,"gabrielskript",NULL,"0","0","0","0","0","0",NULL
"388","020 [F.1]","Schafe (feststellen, ob überhaupt Schafe vorkommen)",,"0",,"gabrielskript",,"0","0","0","0","0","0","1"
"389","170 [F.2]","Gemüse",,"0",,"gabrielskript",,"0","0","0","0","0","0","1"
"390","144 [F.2]","144 [F.2]",NULL,NULL,NULL,"gabrielskript",NULL,"0","0","0","0","0","0","1"
"391","138 [F.3]","138 [F.3]",NULL,NULL,NULL,"gabrielskript",NULL,"0","0","0","0","0","0","1"
"392","062 [F.2]","062 [F.2]",NULL,NULL,NULL,"gabrielskript",NULL,"0","0","0","0","0","0",NULL
"393","150 [F.3]","Blumen, Farben und Bäume",,"0",,"gabrielskript",,"0","0","0","0","0","0","1"
"394","122 [F.2]","122 [F.2]",NULL,NULL,NULL,"gabrielskript",NULL,"0","0","0","0","0","0","1"
"395","002 [F.1]","Rindvieh",,"0",,"gabrielskript",,"0","0","0","0","0","0","1"
"396","056 [F.2]","056 [F.2]",NULL,NULL,NULL,"gabrielskript",NULL,"0","0","0","0","0","0",NULL
"397","132 [F.3]","Freilebende Tiere",,"0",,"gabrielskript",,"0","0","0","0","0","0","1"
"398","159/160 [F.3]","159/160 [F.3]",NULL,NULL,NULL,"gabrielskript",NULL,"0","0","0","0","0","0",NULL
"399","127 [F.1]","127 [F.1]",NULL,NULL,NULL,"gabrielskript",NULL,"0","0","0","0","0","0",NULL
"400","105 [F.3]","105 [F.3]",NULL,NULL,NULL,"gabrielskript",NULL,"0","0","0","0","0","0",NULL
"401","053 [F.1]","WAGEN, SCHLITTEN usw.",NULL,NULL,NULL,"gabrielskript",NULL,"0","0","0","0","0","0","1"
"402","135 [F.2]","135 [F.2]",NULL,NULL,NULL,"gabrielskript",NULL,"0","0","0","0","0","0","1"
"403","156 [F.1]","Matten und Weiden: feststellen, ob außer der Talstufe noch weitere Grasbewirtschaftungsstufen vorhanden sind (wo ist das Vieh im Winter / Frühling (Mai/Anfang Juni) / Sommer / Herbst?); Name der einzelnen Stufen; Reihenfolge ihrer Benützung (genaue zeitliche Fixierung!)",,"0",,"gabrielskript",,"0","0","0","0","0","0","1"
"404","161 [F.1]","161 [F.1]",NULL,NULL,NULL,"gabrielskript",NULL,"0","0","0","0","0","0",NULL
"405","128 [F.3]","128 [F.3]",NULL,NULL,NULL,"gabrielskript",NULL,"0","0","0","0","0","0",NULL
"406","093 [F.1]","093 [F.1]",NULL,NULL,NULL,"gabrielskript",NULL,"0","0","0","0","0","0",NULL
"407","032 [F.1]","Der Stall (Stall ansehen, Grundriß zeichnen)",,"0",,"gabrielskript",,"0","0","0","0","0","0","1"
"408","023 [F.1]","Schweine",,"0",,"gabrielskript",,"0","0","0","0","0","0","1"
"409","212 [F.3]","212 [F.3]",NULL,NULL,NULL,"gabrielskript",NULL,"0","0","0","0","0","0","1"
"410","137 [F.1]","137 [F.1]",NULL,NULL,NULL,"gabrielskript",NULL,"0","0","0","0","0","0",NULL
"411","153 [F.3]","Boden und Bodengestaltung",,"0",,"gabrielskript",,"0","0","0","0","0","0","1"
"412","203 [F.1]","203 [F.1]",NULL,NULL,NULL,"gabrielskript",NULL,"0","0","0","0","0","0",NULL
"413","064 [F.1]","064 [F.1]",NULL,NULL,NULL,"gabrielskript",NULL,"0","0","0","0","0","0",NULL
"414","101 [F.2]","101 [F.2]",NULL,NULL,NULL,"gabrielskript",NULL,"0","0","0","0","0","0","1"
"415","096/97 [F.1]","096/97 [F.1]",NULL,NULL,NULL,"gabrielskript",NULL,"0","0","0","0","0","0","1"
"416","131 [F.3]","131 [F.3]",NULL,NULL,NULL,"gabrielskript",NULL,"0","0","0","0","0","0",NULL
"417","186 [F.3]","Essen und Trinken: die traditionellen ortsüblichen Mahlzeiten; früher hat man (im Sommer) fünfmal am Tag gegessen, wie sagte man...",,"0",,"gabrielskript",,"0","0","0","0","0","0","1"
"418","070/71 [F.2]","070/71 [F.2]",NULL,NULL,NULL,"gabrielskript",NULL,"0","0","0","0","0","0","1"
"419","004 [F.2]","004 [F.2]",NULL,NULL,NULL,"gabrielskript",NULL,"0","0","0","0","0","0",NULL
"420","147 [F.1]","147 [F.1]",NULL,NULL,NULL,"gabrielskript",NULL,"0","0","0","0","0","0","1"
"421","106/107 [F.3]","106/107 [F.3]",NULL,NULL,NULL,"gabrielskript",NULL,"0","0","0","0","0","0",NULL
"422","181 [F.3]","181 [F.3]",NULL,NULL,NULL,"gabrielskript",NULL,"0","0","0","0","0","0",NULL
"423","191 [F.3]","191 [F.3]",NULL,NULL,NULL,"gabrielskript",NULL,"0","0","0","0","0","0",NULL
"424","162 [F.1]","Zäunung",,"0",,"gabrielskript",,"0","0","0","0","0","0","1"
"425","044 [F.1]","044 [F.1]",NULL,NULL,NULL,"gabrielskript",NULL,"0","0","0","0","0","0",NULL
"426","094 [F.1]","094 [F.1]",NULL,NULL,NULL,"gabrielskript",NULL,"0","0","0","0","0","0",NULL
"427","158 [F.1]","158 [F.1]",NULL,NULL,NULL,"gabrielskript",NULL,"0","0","0","0","0","0",NULL
"428","149 [F.3]","149 [F.3]",NULL,NULL,NULL,"gabrielskript",NULL,"0","0","0","0","0","0","1"
"429","110 [F.2]","110 [F.2]",NULL,NULL,NULL,"gabrielskript",NULL,"0","0","0","0","0","0","1"
"430","030 [F.2]","Hund",,"0",,"gabrielskript",,"0","0","0","0","0","0","1"
"431","142 [F.2]","142 [F.2]",NULL,NULL,NULL,"gabrielskript",NULL,"0","0","0","0","0","0",NULL
"432","035 [F.1]","035 [F.1]",NULL,NULL,NULL,"gabrielskript",NULL,"0","0","0","0","0","0","1"
"433","152 [F.3]","152 [F.3]",NULL,NULL,NULL,"gabrielskript",NULL,"0","0","0","0","0","0","1"
"434","185 [F.3]","185 [F.3]",NULL,NULL,NULL,"gabrielskript",NULL,"0","0","0","0","0","0",NULL
"435","124 [F.2]","124 [F.2]",NULL,NULL,NULL,"gabrielskript",NULL,"0","0","0","0","0","0","1"
"436","067 [F.1]","067 [F.1]",NULL,NULL,NULL,"gabrielskript",NULL,"0","0","0","0","0","0",NULL
"437","096/97 [F.2]","096/97 [F.2]",NULL,NULL,NULL,"gabrielskript",NULL,"0","0","0","0","0","0","1"
"438","178 [F.2]","178 [F.2]",NULL,NULL,NULL,"gabrielskript",NULL,"0","0","0","0","0","0","1"
"439","125 [F.3]","125 [F.3]",NULL,NULL,NULL,"gabrielskript",NULL,"0","0","0","0","0","0","1"
"440","107 [F.1]","107 [F.1]",NULL,NULL,NULL,"gabrielskript",NULL,"0","0","0","0","0","0",NULL
"441","130 [F.3]","130 [F.3]",NULL,NULL,NULL,"gabrielskript",NULL,"0","0","0","0","0","0",NULL
"442","051 [F.3]","051 [F.3]",NULL,NULL,NULL,"gabrielskript",NULL,"0","0","0","0","0","0","1"
"443","018 [F.1]","018 [F.1]",NULL,NULL,NULL,"gabrielskript",NULL,"0","0","0","0","0","0","1"
"444","189 [F.2]","189 [F.2]",NULL,NULL,NULL,"gabrielskript",NULL,"0","0","0","0","0","0","1"
"445","090 [F.2]","Alpwirtschaft (falls nicht vorhanden, Butter- und Käsebereitung von Seite 93-98 fragen!)",,"0",,"gabrielskript",,"0","0","0","0","0","0","1"
"446","182 [F.3]","182 [F.3]",NULL,NULL,NULL,"gabrielskript",NULL,"0","0","0","0","0","0",NULL
"447","114 [F.1]","114 [F.1]",NULL,NULL,NULL,"gabrielskript",NULL,"0","0","0","0","0","0",NULL
"448","183 [F.2]","BEKLEIDUNG",NULL,NULL,NULL,"gabrielskript",NULL,"0","0","0","0","0","0","1"
"449","043 [F.1]","Heuernte (zuerst alle Geräte besichtigen, Skizzen)",,"0",,"gabrielskript",,"0","0","0","0","0","0","1"
"450","038/39 [F.1]","038/39 [F.1]",NULL,NULL,NULL,"gabrielskript",NULL,"0","0","0","0","0","0",NULL
"451","146 [F.3]","146 [F.3]",NULL,NULL,NULL,"gabrielskript",NULL,"0","0","0","0","0","0",NULL
"452","147 [F.2]","147 [F.2]",NULL,NULL,NULL,"gabrielskript",NULL,"0","0","0","0","0","0","1"
"453","139 [F.1]","139 [F.1]",NULL,NULL,NULL,"gabrielskript",NULL,"0","0","0","0","0","0","1"
"454","209 [F.1]","209 [F.1]",NULL,NULL,NULL,"gabrielskript",NULL,"0","0","0","0","0","0",NULL
"455","169 [F.1]","169 [F.1]",NULL,NULL,NULL,"gabrielskript",NULL,"0","0","0","0","0","0",NULL
"456","120 [F.3]","120 [F.3]",NULL,NULL,NULL,"gabrielskript",NULL,"0","0","0","0","0","0","1"
"457","121 [F.2]","121 [F.2]",NULL,NULL,NULL,"gabrielskript",NULL,"0","0","0","0","0","0","1"
"458","158 [F.2]","158 [F.2]",NULL,NULL,NULL,"gabrielskript",NULL,"0","0","0","0","0","0",NULL
"459","054 [F.3]","054 [F.3]",NULL,NULL,NULL,"gabrielskript",NULL,"0","0","0","0","0","0",NULL
"460","080 [F.1]","080 [F.1]",NULL,NULL,NULL,"gabrielskript",NULL,"0","0","0","0","0","0","1"
"461","055 [F.2]","055 [F.2]",NULL,NULL,NULL,"gabrielskript",NULL,"0","0","0","0","0","0",NULL
"462","203 [F.3]","203 [F.3]",NULL,NULL,NULL,"gabrielskript",NULL,"0","0","0","0","0","0",NULL
"463","126 [F.3]","126 [F.3]",NULL,NULL,NULL,"gabrielskript",NULL,"0","0","0","0","0","0","1"
"464","104 [F.1]","104 [F.1]",NULL,NULL,NULL,"gabrielskript",NULL,"0","0","0","0","0","0",NULL
"465","137 [F.3]","137 [F.3]",NULL,NULL,NULL,"gabrielskript",NULL,"0","0","0","0","0","0",NULL
"466","052 [F.3]","Heutransport im Winter",,"0",,"gabrielskript",,"0","0","0","0","0","0","1"
"467","136 [F.2]","Wetter",,"0",,"gabrielskript",,"0","0","0","0","0","0","1"
"468","079 [F.1]","079 [F.1]",NULL,NULL,NULL,"gabrielskript",NULL,"0","0","0","0","0","0","1"
"469","109 [F.2]","109 [F.2]",NULL,NULL,NULL,"gabrielskript",NULL,"0","0","0","0","0","0",NULL
"470","047 [F.2]","047 [F.2]",NULL,NULL,NULL,"gabrielskript",NULL,"0","0","0","0","0","0",NULL
"471","046 [F.3]","046 [F.3]",NULL,NULL,NULL,"gabrielskript",NULL,"0","0","0","0","0","0",NULL
"472","092 [F.3]","092 [F.3]",NULL,NULL,NULL,"gabrielskript",NULL,"0","0","0","0","0","0",NULL
"473","117 [F.1]","Körperteile",,"0",,"gabrielskript",,"0","0","0","0","0","0","1"
"474","041 [F.2]","041 [F.2]",NULL,NULL,NULL,"gabrielskript",NULL,"0","0","0","0","0","0",NULL
"475","112 [F.2]","112 [F.2]",NULL,NULL,NULL,"gabrielskript",NULL,"0","0","0","0","0","0","1"
"476","036 [F.2]","036 [F.2]",NULL,NULL,NULL,"gabrielskript",NULL,"0","0","0","0","0","0","1"
"477","187 [F.2]","187 [F.2]",NULL,NULL,NULL,"gabrielskript",NULL,"0","0","0","0","0","0","1"
"478","037 [F.3]","037 [F.3]",NULL,NULL,NULL,"gabrielskript",NULL,"0","0","0","0","0","0",NULL
"479","150 [F.1]","Blumen und Bäume",,"0",,"gabrielskript",,"0","0","0","0","0","0","1"
"480","141 [F.3]","Die Zeiteinteilung",,"0",,"gabrielskript",,"0","0","0","0","0","0","1"
"482","191 [F.2]","191 [F.2]",NULL,NULL,NULL,"gabrielskript",NULL,"0","0","0","0","0","0","1"
"483","185 [F.1]","185 [F.1]",NULL,NULL,NULL,"gabrielskript",NULL,"0","0","0","0","0","0",NULL
"484","132 [F.1]","Freilebende Tiere",,"0",,"gabrielskript",,"0","0","0","0","0","0","1"
"485","127 [F.3]","127 [F.3]",NULL,NULL,NULL,"gabrielskript",NULL,"0","0","0","0","0","0",NULL
"486","029 [F.1]","Pferd",,"0",,"gabrielskript",,"0","0","0","0","0","0","1"
"487","053 [F.3]","WAGEN,KARREN,SCHLITTEN: Vierrädrige Gefährte. Zweirädrige Gefährte.",,"0",,"gabrielskript",,"0","0","0","0","0","0","1"
"488","016 [F.1]","016 [F.1]",NULL,NULL,NULL,"gabrielskript",NULL,"0","0","0","0","0","0",NULL
"489","076 [F.1]","076 [F.1]",NULL,NULL,NULL,"gabrielskript",NULL,"0","0","0","0","0","0",NULL
"490","058 [F.2]","Schlitten",,"0",,"gabrielskript",,"0","0","0","0","0","0","1"
"491","045 [F.3]","045 [F.3]",NULL,NULL,NULL,"gabrielskript",NULL,"0","0","0","0","0","0",NULL
"492","093 [F.3]","Butter und Käse",,"0",,"gabrielskript",,"0","0","0","0","0","0","1"
"493","151 [F.2]","151 [F.2]",NULL,NULL,NULL,"gabrielskript",NULL,"0","0","0","0","0","0","1"
"494","010 [F.1]","010 [F.1]",NULL,NULL,NULL,"gabrielskript",NULL,"0","0","0","0","0","0","1"
"495","032 [F.3]","032 [F.3]",NULL,NULL,NULL,"gabrielskript",NULL,"0","0","0","0","0","0",NULL
"496","033 [F.2]","033 [F.2]",NULL,NULL,NULL,"gabrielskript",NULL,"0","0","0","0","0","0",NULL
"497","098 [F.2]","098 [F.2]",NULL,NULL,NULL,"gabrielskript",NULL,"0","0","0","0","0","0","1"
"498","145 [F.2]","145 [F.2]",NULL,NULL,NULL,"gabrielskript",NULL,"0","0","0","0","0","0","1"
"499","099 [F.3]","099 [F.3]",NULL,NULL,NULL,"gabrielskript",NULL,"0","0","0","0","0","0",NULL
"500","083 [F.2]","083 [F.2]",NULL,NULL,NULL,"gabrielskript",NULL,"0","0","0","0","0","0","1"
"501","034 [F.3]","034 [F.3]",NULL,NULL,NULL,"gabrielskript",NULL,"0","0","0","0","0","0",NULL
"502","082 [F.3]","082 [F.3]",NULL,NULL,NULL,"gabrielskript",NULL,"0","0","0","0","0","0",NULL
"503","153 [F.1]","Boden und Bodengestaltung",,"0",,"gabrielskript",,"0","0","0","0","0","0","1"
"504","123 [F.2]","123 [F.2]",NULL,NULL,NULL,"gabrielskript",NULL,"0","0","0","0","0","0","1"
"505","057 [F.2]","057 [F.2]",NULL,NULL,NULL,"gabrielskript",NULL,"0","0","0","0","0","0",NULL
"506","085 [F.2]","085 [F.2]",NULL,NULL,NULL,"gabrielskript",NULL,"0","0","0","0","0","0","1"
"507","131 [F.1]","131 [F.1]",NULL,NULL,NULL,"gabrielskript",NULL,"0","0","0","0","0","0","1"
"508","201 [F.1]","Spiele",,"0",,"gabrielskript",,"0","0","0","0","0","0","1"
"509","078 [F.2]","078 [F.2]",NULL,NULL,NULL,"gabrielskript",NULL,"0","0","0","0","0","0","1"
"510","141 [F.1]","Die Zeiteinteilung",,"0",,"gabrielskript",,"0","0","0","0","0","0","1"
"511","134 [F.2]","134 [F.2]",NULL,NULL,NULL,"gabrielskript",NULL,"0","0","0","0","0","0","1"
"512","196 [F.1]","196 [F.1]",NULL,NULL,NULL,"gabrielskript",NULL,"0","0","0","0","0","0","1"
"513","074 [F.2]","074 [F.2]",NULL,NULL,NULL,"gabrielskript",NULL,"0","0","0","0","0","0",NULL
"514","177 [F.1]","177 [F.1]",NULL,NULL,NULL,"gabrielskript",NULL,"0","0","0","0","0","0",NULL
"515","026 [F.1]","026 [F.1]",NULL,NULL,NULL,"gabrielskript",NULL,"0","0","0","0","0","0",NULL
"516","044 [F.3]","044 [F.3]",NULL,NULL,NULL,"gabrielskript",NULL,"0","0","0","0","0","0",NULL
"517","094 [F.3]","094 [F.3]",NULL,NULL,NULL,"gabrielskript",NULL,"0","0","0","0","0","0",NULL
"518","095 [F.2]","095 [F.2]",NULL,NULL,NULL,"gabrielskript",NULL,"0","0","0","0","0","0","1"
"519","187 [F.1]","187 [F.1]",NULL,NULL,NULL,"gabrielskript",NULL,"0","0","0","0","0","0","1"
"520","009 [F.2]","009 [F.2]",NULL,NULL,NULL,"gabrielskript",NULL,"0","0","0","0","0","0",NULL
"521","017 [F.1]","017 [F.1]",NULL,NULL,NULL,"gabrielskript",NULL,"0","0","0","0","0","0",NULL
"522","143 [F.1]","143 [F.1]",NULL,NULL,NULL,"gabrielskript",NULL,"0","0","0","0","0","0",NULL
"523","011/12 [F.2]","Weidgang und Pflege des Rindviehs",,"0",,"gabrielskript",,"0","0","0","0","0","0","1"
"524","081 [F.3]","081 [F.3]",NULL,NULL,NULL,"gabrielskript",NULL,"0","0","0","0","0","0",NULL
"525","154/5 [F.2]","154/5 [F.2]",NULL,NULL,NULL,"gabrielskript",NULL,"0","0","0","0","0","0","1"
"526","145 [F.3]","145 [F.3]",NULL,NULL,NULL,"gabrielskript",NULL,"0","0","0","0","0","0",NULL
"527","049 [F.2]","049 [F.2]",NULL,NULL,NULL,"gabrielskript",NULL,"0","0","0","0","0","0",NULL
"528","125 [F.1]","Die menschliche Gemeinschaft",,"0",,"gabrielskript",,"0","0","0","0","0","0","1"
"529","061 [F.2]","Ackerbau",,"0",,"gabrielskript",,"0","0","0","0","0","0","1"
"530","051 [F.1]","051 [F.1]",NULL,NULL,NULL,"gabrielskript",NULL,"0","0","0","0","0","0",NULL
"531","018 [F.3]","018 [F.3]",NULL,NULL,NULL,"gabrielskript",NULL,"0","0","0","0","0","0","1"
"532","157 [F.2]","157 [F.2]",NULL,NULL,NULL,"gabrielskript",NULL,"0","0","0","0","0","0",NULL
"533","203 [F.2]","203 [F.2]",NULL,NULL,NULL,"gabrielskript",NULL,"0","0","0","0","0","0",NULL
"534","078 [F.3]","078 [F.3]",NULL,NULL,NULL,"gabrielskript",NULL,"0","0","0","0","0","0",NULL
"535","107 [F.2]","107 [F.2]",NULL,NULL,NULL,"gabrielskript",NULL,"0","0","0","0","0","0",NULL
"536","088/89 [F.1]","088/89 [F.1]",NULL,NULL,NULL,"gabrielskript",NULL,"0","0","0","0","0","0","1"
"537","167 [F.1]","167 [F.1]",NULL,NULL,NULL,"gabrielskript",NULL,"0","0","0","0","0","0",NULL
"538","027/28 [F.1]","027/28 [F.1]",NULL,NULL,NULL,"gabrielskript",NULL,"0","0","0","0","0","0",NULL
"539","091 [F.1]","091 [F.1]",NULL,NULL,NULL,"gabrielskript",NULL,"0","0","0","0","0","0","1"
"540","206 [F.1]","206 [F.1]",NULL,NULL,NULL,"gabrielskript",NULL,"0","0","0","0","0","0",NULL
"541","068 [F.3]","068 [F.3]",NULL,NULL,NULL,"gabrielskript",NULL,"0","0","0","0","0","0",NULL
"542","021 [F.1]","021 [F.1]",NULL,NULL,NULL,"gabrielskript",NULL,"0","0","0","0","0","0",NULL
"543","043 [F.3]","Heuernte",,"0",,"gabrielskript",,"0","0","0","0","0","0","1"
"544","175 [F.2]","Brotbacken",,"0",,"gabrielskript",,"0","0","0","0","0","0","1"
"545","042 [F.2]","042 [F.2]",NULL,NULL,NULL,"gabrielskript",NULL,"0","0","0","0","0","0",NULL
"546","031 [F.2]","031 [F.2]",NULL,NULL,NULL,"gabrielskript",NULL,"0","0","0","0","0","0",NULL
"547","170 [F.1]","Gemüse",,"0",,"gabrielskript",,"0","0","0","0","0","0","1"
"548","209 [F.3]","209 [F.3]",NULL,NULL,NULL,"gabrielskript",NULL,"0","0","0","0","0","0","1"
"549","208 [F.2]","208 [F.2]",NULL,NULL,NULL,"gabrielskript",NULL,"0","0","0","0","0","0","1"
"550","086/87 [F.2]","086/87 [F.2]",NULL,NULL,NULL,"gabrielskript",NULL,"0","0","0","0","0","0","1"
"551","140 [F.1]","140 [F.1]",NULL,NULL,NULL,"gabrielskript",NULL,"0","0","0","0","0","0",NULL
"552","062 [F.1]","062 [F.1]",NULL,NULL,NULL,"gabrielskript",NULL,"0","0","0","0","0","0",NULL
"553","080 [F.3]","Wald und Holz",,"0",,"gabrielskript",,"0","0","0","0","0","0","1"
"554","003 [F.1]","003 [F.1]",NULL,NULL,NULL,"gabrielskript",NULL,"0","0","0","0","0","0",NULL
"555","179 [F.2]","179 [F.2]",NULL,NULL,NULL,"gabrielskript",NULL,"0","0","0","0","0","0","1"
"556","126 [F.1]","126 [F.1]",NULL,NULL,NULL,"gabrielskript",NULL,"0","0","0","0","0","0",NULL
"557","052 [F.1]","052 [F.1]",NULL,NULL,NULL,"gabrielskript",NULL,"0","0","0","0","0","0","1"
"558","195 [F.2]","195 [F.2]",NULL,NULL,NULL,"gabrielskript",NULL,"0","0","0","0","0","0",NULL
"559","075/76 [F.3]","075/76 [F.3]",NULL,NULL,NULL,"gabrielskript",NULL,"0","0","0","0","0","0",NULL
"560","079 [F.3]","Hanf und Flachs",,"0",,"gabrielskript",,"0","0","0","0","0","0","1"
"561","194 [F.3]","194 [F.3]",NULL,NULL,NULL,"gabrielskript",NULL,"0","0","0","0","0","0",NULL
"562","025 [F.2]","025 [F.2]",NULL,NULL,NULL,"gabrielskript",NULL,"0","0","0","0","0","0",NULL
"563","024 [F.3]","024 [F.3]",NULL,NULL,NULL,"gabrielskript",NULL,"0","0","0","0","0","0",NULL
"564","160 [F.1]","160 [F.1]",NULL,NULL,NULL,"gabrielskript",NULL,"0","0","0","0","0","0",NULL
"565","046 [F.1]","046 [F.1]",NULL,NULL,NULL,"gabrielskript",NULL,"0","0","0","0","0","0",NULL
"566","092 [F.1]","092 [F.1]",NULL,NULL,NULL,"gabrielskript",NULL,"0","0","0","0","0","0",NULL
"567","072 [F.2]","Getreideanbau (Stadt: Welche Getreidesorten kennt ihr?)",,"0",,"gabrielskript",,"0","0","0","0","0","0","1"
"568","193 [F.2]","Das Wohnhaus",,"0",,"gabrielskript",,"0","0","0","0","0","0","1"
"569","073 [F.3]","073 [F.3]",NULL,NULL,NULL,"gabrielskript",NULL,"0","0","0","0","0","0",NULL
"570","023 [F.2]","Schweine",,"0",,"gabrielskript",,"0","0","0","0","0","0","1"
"571","014 [F.2]","014 [F.2]",NULL,NULL,NULL,"gabrielskript",NULL,"0","0","0","0","0","0",NULL
"572","187 [F.3]","187 [F.3]",NULL,NULL,NULL,"gabrielskript",NULL,"0","0","0","0","0","0",NULL
"573","015 [F.3]","015 [F.3]",NULL,NULL,NULL,"gabrielskript",NULL,"0","0","0","0","0","0",NULL
"574","037 [F.1]","037 [F.1]",NULL,NULL,NULL,"gabrielskript",NULL,"0","0","0","0","0","0",NULL
"575","107b [F.1]","Schnapsbrennerei: Faß u. Teile s. Nr. 106!",,"0",,"gabrielskript",,"0","0","0","0","0","0","1"
"576","065 [F.1]","065 [F.1]",NULL,NULL,NULL,"gabrielskript",NULL,"0","0","0","0","0","0",NULL
"577","211 [F.3]","211 [F.3]",NULL,NULL,NULL,"gabrielskript",NULL,"0","0","0","0","0","0","1"
"578","101 [F.1]","101 [F.1]",NULL,NULL,NULL,"gabrielskript",NULL,"0","0","0","0","0","0",NULL
"579","001 [F.2]","Einleitungsfragen",,"0",,"gabrielskript",,"0","0","0","0","0","0","1"
"580","029 [F.3]","029 [F.3]",NULL,NULL,NULL,"gabrielskript",NULL,"0","0","0","0","0","0",NULL
"581","164 [F.2]","Frauenarbeiten",,"0",,"gabrielskript",,"0","0","0","0","0","0","1"
"582","004 [F.1]","004 [F.1]",NULL,NULL,NULL,"gabrielskript",NULL,"0","0","0","0","0","0","1"
"583","205 [F.2]","Familie und Verwandtschaft",,"0",,"gabrielskript",,"0","0","0","0","0","0","1"
"584","165 [F.3]","165 [F.3]",NULL,NULL,NULL,"gabrielskript",NULL,"0","0","0","0","0","0",NULL
"585","197 [F.3]","197 [F.3]",NULL,NULL,NULL,"gabrielskript",NULL,"0","0","0","0","0","0",NULL
"586","204 [F.3]","204 [F.3]",NULL,NULL,NULL,"gabrielskript",NULL,"0","0","0","0","0","0",NULL
"587","077 [F.2]","077 [F.2]",NULL,NULL,NULL,"gabrielskript",NULL,"0","0","0","0","0","0",NULL
"588","045 [F.1]","045 [F.1]",NULL,NULL,NULL,"gabrielskript",NULL,"0","0","0","0","0","0",NULL
"589","159 [F.1]","159 [F.1]",NULL,NULL,NULL,"gabrielskript",NULL,"0","0","0","0","0","0",NULL
"590","059 [F.1]","059 [F.1]",NULL,NULL,NULL,"gabrielskript",NULL,"0","0","0","0","0","0",NULL
"591","010 [F.3]","010 [F.3]",NULL,NULL,NULL,"gabrielskript",NULL,"0","0","0","0","0","0","1"
"592","162 [F.2]","Zäunung",,"0",,"gabrielskript",,"0","0","0","0","0","0","1"
"593","193 [F.1]","Das Wohnhaus",,"0",,"gabrielskript",,"0","0","0","0","0","0","1"
"594","011 [F.2]","011 [F.2]",,"0",,"gabrielskript",,"0","0","0","0","0","0","1"
"595","173 [F.2]","173 [F.2]",NULL,NULL,NULL,"gabrielskript",NULL,"0","0","0","0","0","0","1"
"596","040 [F.2]","040 [F.2]",NULL,NULL,NULL,"gabrielskript",NULL,"0","0","0","0","0","0",NULL
"597","172 [F.3]","172 [F.3]",NULL,NULL,NULL,"gabrielskript",NULL,"0","0","0","0","0","0",NULL
"598","199 [F.1]","199 [F.1]",NULL,NULL,NULL,"gabrielskript",NULL,"0","0","0","0","0","0",NULL
"599","099 [F.1]","099 [F.1]",NULL,NULL,NULL,"gabrielskript",NULL,"0","0","0","0","0","0","1"
"600","198 [F.2]","198 [F.2]",NULL,NULL,NULL,"gabrielskript",NULL,"0","0","0","0","0","0","1"
"601","016 [F.3]","016 [F.3]",NULL,NULL,NULL,"gabrielskript",NULL,"0","0","0","0","0","0",NULL
"602","154/155 [F.3]","154/155 [F.3]",NULL,NULL,NULL,"gabrielskript",NULL,"0","0","0","0","0","0",NULL
"603","034 [F.1]","034 [F.1]",NULL,NULL,NULL,"gabrielskript",NULL,"0","0","0","0","0","0",NULL
"604","060 [F.3]","Joch",,"0",,"gabrielskript",,"0","0","0","0","0","0","1"
"605","082 [F.1]","082 [F.1]",NULL,NULL,NULL,"gabrielskript",NULL,"0","0","0","0","0","0",NULL
"606","129 [F.2]","129 [F.2]",NULL,NULL,NULL,"gabrielskript",NULL,"0","0","0","0","0","0","1"
"607","067 [F.2]","067 [F.2]",NULL,NULL,NULL,"gabrielskript",NULL,"0","0","0","0","0","0",NULL
"608","106 [F.1]","106 [F.1]",NULL,NULL,NULL,"gabrielskript",NULL,"0","0","0","0","0","0",NULL
"609","178 [F.1]","178 [F.1]",NULL,NULL,NULL,"gabrielskript",NULL,"0","0","0","0","0","0",NULL
"610","201 [F.3]","Spiele",,"0",,"gabrielskript",,"0","0","0","0","0","0","1"
"611","079a [F.2]","Maisanbau",,"0",,"gabrielskript",,"0","0","0","0","0","0","1"
"612","189 [F.1]","189 [F.1]",NULL,NULL,NULL,"gabrielskript",NULL,"0","0","0","0","0","0",NULL
"613","166 [F.3]","166 [F.3]",NULL,NULL,NULL,"gabrielskript",NULL,"0","0","0","0","0","0",NULL
"614","196 [F.3]","196 [F.3]",NULL,NULL,NULL,"gabrielskript",NULL,"0","0","0","0","0","0",NULL
"615","212 [F.1]","212 [F.1]",NULL,NULL,NULL,"gabrielskript",NULL,"0","0","0","0","0","0","1"
"616","115 [F.1]","115 [F.1]",NULL,NULL,NULL,"gabrielskript",NULL,"0","0","0","0","0","0",NULL
"617","177 [F.3]","177 [F.3]",NULL,NULL,NULL,"gabrielskript",NULL,"0","0","0","0","0","0","1"
"618","026 [F.3]","026 [F.3]",NULL,NULL,NULL,"gabrielskript",NULL,"0","0","0","0","0","0",NULL
"619","176 [F.2]","176 [F.2]",NULL,NULL,NULL,"gabrielskript",NULL,"0","0","0","0","0","0",NULL
"620","038/39 [F.2]","038/39 [F.2]",NULL,NULL,NULL,"gabrielskript",NULL,"0","0","0","0","0","0","1"
"621","171 [F.3]","171 [F.3]",NULL,NULL,NULL,"gabrielskript",NULL,"0","0","0","0","0","0",NULL
"622","148 [F.1]","Richtungs- und Ortsadverbien",,"0",,"gabrielskript",,"0","0","0","0","0","0","1"
"623","168 [F.1]","168 [F.1]",NULL,NULL,NULL,"gabrielskript",NULL,"0","0","0","0","0","0",NULL
"624","139 [F.2]","139 [F.2]",NULL,NULL,NULL,"gabrielskript",NULL,"0","0","0","0","0","0","1"
"625","017 [F.3]","Ziegen",,"0",,"gabrielskript",,"0","0","0","0","0","0","1"
"626","147 [F.3]","147 [F.3]",NULL,NULL,NULL,"gabrielskript",NULL,"0","0","0","0","0","0",NULL
"627","063 [F.3]","063 [F.3]",NULL,NULL,NULL,"gabrielskript",NULL,"0","0","0","0","0","0",NULL
"628","102 [F.2]","102 [F.2]",NULL,NULL,NULL,"gabrielskript",NULL,"0","0","0","0","0","0",NULL
"629","081 [F.1]","081 [F.1]",NULL,NULL,NULL,"gabrielskript",NULL,"0","0","0","0","0","0",NULL
"630","103 [F.3]","103 [F.3]",NULL,NULL,NULL,"gabrielskript",NULL,"0","0","0","0","0","0",NULL
"631","207 [F.3]","207 [F.3]",NULL,NULL,NULL,"gabrielskript",NULL,"0","0","0","0","0","0",NULL
"632","084 [F.2]","084 [F.2]",NULL,NULL,NULL,"gabrielskript",NULL,"0","0","0","0","0","0","1"
"633","007 [F.2]","007 [F.2]",NULL,NULL,NULL,"gabrielskript",NULL,"0","0","0","0","0","0",NULL
"634","104 [F.2]","104 [F.2]",NULL,NULL,NULL,"gabrielskript",NULL,"0","0","0","0","0","0","1"
"635","119 [F.2]","119 [F.2]",NULL,NULL,NULL,"gabrielskript",NULL,"0","0","0","0","0","0","1"
"636","078 [F.1]","078 [F.1]",NULL,NULL,NULL,"gabrielskript",NULL,"0","0","0","0","0","0","1"
"637","156 [F.2]","Wiesen und Weiden",NULL,NULL,NULL,"gabrielskript",NULL,"0","0","0","0","0","0","1"
"638","118 [F.3]","118 [F.3]",NULL,NULL,NULL,"gabrielskript",NULL,"0","0","0","0","0","0","1"
"639","109 [F.1]","109 [F.1]",NULL,NULL,NULL,"gabrielskript",NULL,"0","0","0","0","0","0",NULL
"640","167 [F.3]","167 [F.3]",NULL,NULL,NULL,"gabrielskript",NULL,"0","0","0","0","0","0",NULL
"641","027/28 [F.3]","027/28 [F.3]",NULL,NULL,NULL,"gabrielskript",NULL,"0","0","0","0","0","0","1"
"642","206 [F.3]","206 [F.3]",NULL,NULL,NULL,"gabrielskript",NULL,"0","0","0","0","0","0",NULL
"643","075 [F.2]","075 [F.2]",NULL,NULL,NULL,"gabrielskript",NULL,"0","0","0","0","0","0","1"
"644","190 [F.2]","190 [F.2]",NULL,NULL,NULL,"gabrielskript",NULL,"0","0","0","0","0","0","1"
"645","068 [F.1]","068 [F.1]",NULL,NULL,NULL,"gabrielskript",NULL,"0","0","0","0","0","0","1"
"646","117 [F.2]","Körperteile",,"0",,"gabrielskript",,"0","0","0","0","0","0","1"
"647","020 [F.2]","Schafe (zuerst feststellen, ob Schafe gezüchtet werden)",,"0",,"gabrielskript",,"0","0","0","0","0","0","1"
"648","193 [F.3]","193 [F.3]",NULL,NULL,NULL,"gabrielskript",NULL,"0","0","0","0","0","0",NULL
"649","013 [F.2]","013 [F.2]",NULL,NULL,NULL,"gabrielskript",NULL,"0","0","0","0","0","0",NULL
"650","112 [F.1]","112 [F.1]",NULL,NULL,NULL,"gabrielskript",NULL,"0","0","0","0","0","0",NULL
"651","170 [F.3]","Gemüse",,"0",,"gabrielskript",,"0","0","0","0","0","0","1"
"652","008 [F.2]","008 [F.2]",NULL,NULL,NULL,"gabrielskript",NULL,"0","0","0","0","0","0",NULL
"653","151 [F.1]","151 [F.1]",NULL,NULL,NULL,"gabrielskript",NULL,"0","0","0","0","0","0","1"
"654","062 [F.3]","062 [F.3]",NULL,NULL,NULL,"gabrielskript",NULL,"0","0","0","0","0","0",NULL
"655","181 [F.1]","181 [F.1]",NULL,NULL,NULL,"gabrielskript",NULL,"0","0","0","0","0","0",NULL
"656","003 [F.3]","003 [F.3]",NULL,NULL,NULL,"gabrielskript",NULL,"0","0","0","0","0","0","1"
"657","100 [F.3]","Weinbau",,"0",,"gabrielskript",,"0","0","0","0","0","0","1"
"658","048 [F.2]","048 [F.2]",NULL,NULL,NULL,"gabrielskript",NULL,"0","0","0","0","0","0",NULL
"659","002 [F.2]","Rindvieh",,"0",,"gabrielskript",,"0","0","0","0","0","0","1"
"660","140 [F.2]","140 [F.2]",NULL,NULL,NULL,"gabrielskript",NULL,"0","0","0","0","0","0","1"
"661","103 [F.1]","103 [F.1]",NULL,NULL,NULL,"gabrielskript",NULL,"0","0","0","0","0","0",NULL
"662","202 [F.2]","202 [F.2]",NULL,NULL,NULL,"gabrielskript",NULL,"0","0","0","0","0","0","1"
"663","194 [F.1]","194 [F.1]",NULL,NULL,NULL,"gabrielskript",NULL,"0","0","0","0","0","0",NULL
"664","024 [F.1]","024 [F.1]",NULL,NULL,NULL,"gabrielskript",NULL,"0","0","0","0","0","0",NULL
"665","210 [F.3]","210 [F.3]",NULL,NULL,NULL,"gabrielskript",NULL,"0","0","0","0","0","0","1"
"666","161 [F.2]","161 [F.2]",NULL,NULL,NULL,"gabrielskript",NULL,"0","0","0","0","0","0",NULL
"667","128 [F.2]","128 [F.2]",NULL,NULL,NULL,"gabrielskript",NULL,"0","0","0","0","0","0","1"
"668","073 [F.1]","073 [F.1]",NULL,NULL,NULL,"gabrielskript",NULL,"0","0","0","0","0","0",NULL
"669","174 [F.2]","174 [F.2]",NULL,NULL,NULL,"gabrielskript",NULL,"0","0","0","0","0","0","1"
"670","129 [F.3]","Kirche",,"0",,"gabrielskript",,"0","0","0","0","0","0","1"
"671","015 [F.1]","015 [F.1]",NULL,NULL,NULL,"gabrielskript",NULL,"0","0","0","0","0","0",NULL
"672","145 [F.1]","145 [F.1]",NULL,NULL,NULL,"gabrielskript",NULL,"0","0","0","0","0","0",NULL
"673","001 [F.1]","Einleitungsfragen",,"0",,"gabrielskript",,"0","0","0","0","0","0","1"
"674","065 [F.3]","065 [F.3]",NULL,NULL,NULL,"gabrielskript",NULL,"0","0","0","0","0","0",NULL
"675","153 [F.2]","Boden und Bodengestaltung",,"0",,"gabrielskript",,"0","0","0","0","0","0","1"
"676","123 [F.1]","123 [F.1]",NULL,NULL,NULL,"gabrielskript",NULL,"0","0","0","0","0","0",NULL
"677","064 [F.2]","064 [F.2]",NULL,NULL,NULL,"gabrielskript",NULL,"0","0","0","0","0","0",NULL
"678","101 [F.3]","Mosterei",,"0",,"gabrielskript",,"0","0","0","0","0","0","1"
"679","179 [F.3]","Verschiedenes",,"0",,"gabrielskript",,"0","0","0","0","0","0","1"
"680","057 [F.1]","057 [F.1]",NULL,NULL,NULL,"gabrielskript",NULL,"0","0","0","0","0","0",NULL
"681","131 [F.2]","131 [F.2]",NULL,NULL,NULL,"gabrielskript",NULL,"0","0","0","0","0","0",NULL
"682","188 [F.3]","188 [F.3]",NULL,NULL,NULL,"gabrielskript",NULL,"0","0","0","0","0","0",NULL
"683","004 [F.3]","004 [F.3]",,"0",,"gabrielskript",,"0","0","0","0","0","0","1"
"684","165 [F.1]","165 [F.1]",NULL,NULL,NULL,"gabrielskript",NULL,"0","0","0","0","0","0",NULL
"685","197 [F.1]","197 [F.1]",NULL,NULL,NULL,"gabrielskript",NULL,"0","0","0","0","0","0",NULL
"686","134 [F.1]","134 [F.1]",NULL,NULL,NULL,"gabrielskript",NULL,"0","0","0","0","0","0",NULL
"687","204 [F.1]","204 [F.1]",NULL,NULL,NULL,"gabrielskript",NULL,"0","0","0","0","0","0","1"
"688","192 [F.2]","192 [F.2]",NULL,NULL,NULL,"gabrielskript",NULL,"0","0","0","0","0","0",NULL
"689","133 [F.2]","133 [F.2]",NULL,NULL,NULL,"gabrielskript",NULL,"0","0","0","0","0","0","1"
"690","111 [F.2]","111 [F.2]",NULL,NULL,NULL,"gabrielskript",NULL,"0","0","0","0","0","0",NULL
"691","186 [F.1]","Essen und Trinken: die traditionellen ortsüblichen Mahlzeiten: genaue zeitl. Fixierung (diff. Sommer / Winter); allfällige weitere Mahlzeiten, bei abweichenden Mahlzeiten Angaben über Hauptbestandteile der einzelnen Mahlzeiten",,"0",,"gabrielskript",,"0","0","0","0","0","0","1"
"692","022 [F.2]","022 [F.2]",NULL,NULL,NULL,"gabrielskript",NULL,"0","0","0","0","0","0",NULL
"693","172 [F.1]","172 [F.1]",NULL,NULL,NULL,"gabrielskript",NULL,"0","0","0","0","0","0",NULL
"694","199 [F.3]","199 [F.3]",NULL,NULL,NULL,"gabrielskript",NULL,"0","0","0","0","0","0",NULL
"695","137 [F.2]","137 [F.2]",NULL,NULL,NULL,"gabrielskript",NULL,"0","0","0","0","0","0","1"
"696","088/89 [F.3]","088/89 [F.3]",NULL,NULL,NULL,"gabrielskript",NULL,"0","0","0","0","0","0",NULL
"697","142 [F.1]","142 [F.1]",NULL,NULL,NULL,"gabrielskript",NULL,"0","0","0","0","0","0",NULL
"698","060 [F.1]","Joch",,"0",,"gabrielskript",,"0","0","0","0","0","0","1"
"699","124 [F.1]","124 [F.1]",NULL,NULL,NULL,"gabrielskript",NULL,"0","0","0","0","0","0",NULL
"700","178 [F.3]","178 [F.3]",NULL,NULL,NULL,"gabrielskript",NULL,"0","0","0","0","0","0",NULL
"701","174 [F.1]","174 [F.1]",NULL,NULL,NULL,"gabrielskript",NULL,"0","0","0","0","0","0",NULL
"702","050 [F.1]","050 [F.1]",NULL,NULL,NULL,"gabrielskript",NULL,"0","0","0","0","0","0",NULL
"703","189 [F.3]","189 [F.3]",NULL,NULL,NULL,"gabrielskript",NULL,"0","0","0","0","0","0",NULL
"704","108/116 [F.3]","108/116 [F.3]",,"0",,"gabrielskript",,"0","0","0","0","0","0","1"
"705","166 [F.1]","166 [F.1]",NULL,NULL,NULL,"gabrielskript",NULL,"0","0","0","0","0","0",NULL
"706","090 [F.1]","090 [F.1]",NULL,NULL,NULL,"gabrielskript",NULL,"0","0","0","0","0","0","1"
"707","207 [F.1]","207 [F.1]",NULL,NULL,NULL,"gabrielskript",NULL,"0","0","0","0","0","0",NULL
"708","182 [F.2]","182 [F.2]",NULL,NULL,NULL,"gabrielskript",NULL,"0","0","0","0","0","0",NULL
"709","114 [F.2]","114 [F.2]",NULL,NULL,NULL,"gabrielskript",NULL,"0","0","0","0","0","0","1"
"710","183 [F.3]","183 [F.3]",NULL,NULL,NULL,"gabrielskript",NULL,"0","0","0","0","0","0",NULL
"711","163 [F.2]","163 [F.2]",NULL,NULL,NULL,"gabrielskript",NULL,"0","0","0","0","0","0",NULL
"712","146 [F.2]","146 [F.2]",NULL,NULL,NULL,"gabrielskript",NULL,"0","0","0","0","0","0",NULL
"713","171 [F.1]","171 [F.1]",NULL,NULL,NULL,"gabrielskript",NULL,"0","0","0","0","0","0",NULL
"714","031 [F.1]","Katze",,"0",,"gabrielskript",,"0","0","0","0","0","0","1"
"715","168 [F.3]","168 [F.3]",NULL,NULL,NULL,"gabrielskript",NULL,"0","0","0","0","0","0",NULL
"716","169 [F.2]","169 [F.2]",NULL,NULL,NULL,"gabrielskript",NULL,"0","0","0","0","0","0","1"
"717","120 [F.2]","120 [F.2]",NULL,NULL,NULL,"gabrielskript",NULL,"0","0","0","0","0","0","1"
"718","063 [F.1]","063 [F.1]",NULL,NULL,NULL,"gabrielskript",NULL,"0","0","0","0","0","0",NULL
"719","121 [F.3]","121 [F.3]",NULL,NULL,NULL,"gabrielskript",NULL,"0","0","0","0","0","0",NULL
"720","054 [F.2]","054 [F.2]",NULL,NULL,NULL,"gabrielskript",NULL,"0","0","0","0","0","0","1"
"721","107a [F.2]","Mosterei",,"0",,"gabrielskript",,"0","0","0","0","0","0","1"
"722","096/97 [F.3]","096/97 [F.3]",NULL,NULL,NULL,"gabrielskript",NULL,"0","0","0","0","0","0",NULL
"723","055 [F.3]","055 [F.3]",NULL,NULL,NULL,"gabrielskript",NULL,"0","0","0","0","0","0",NULL
"724","066 [F.2]","Obst und Beeren",,"0",,"gabrielskript",,"0","0","0","0","0","0","1"
"725","126 [F.2]","126 [F.2]",NULL,NULL,NULL,"gabrielskript",NULL,"0","0","0","0","0","0","1"
"726","006 [F.1]","006 [F.1]",NULL,NULL,NULL,"gabrielskript",NULL,"0","0","0","0","0","0","1"
"727","052 [F.2]","052 [F.2]",NULL,NULL,NULL,"gabrielskript",NULL,"0","0","0","0","0","0",NULL
"728","136 [F.3]","Wetter",,"0",,"gabrielskript",,"0","0","0","0","0","0","1"
"729","118 [F.1]","118 [F.1]",NULL,NULL,NULL,"gabrielskript",NULL,"0","0","0","0","0","0","1"
"730","047 [F.1]","047 [F.1]",NULL,NULL,NULL,"gabrielskript",NULL,"0","0","0","0","0","0",NULL
"731","200 [F.2]","200 [F.2]",NULL,NULL,NULL,"gabrielskript",NULL,"0","0","0","0","0","0","1"
"732","092 [F.2]","092 [F.2]",NULL,NULL,NULL,"gabrielskript",NULL,"0","0","0","0","0","0",NULL
"733","211 [F.1]","211 [F.1]",,"0",,,,"0","0","0","0","0","0","1"
"734","034 [F.2]","034 [F.2]",NULL,NULL,NULL,NULL,NULL,"0","0","0","0","0","0","1"
"735","091 [F.3]","091 [F.3]",NULL,NULL,NULL,NULL,NULL,"0","0","0","0","0","0","1"
"738","ETir.1","1. Ergänzungsfragebogen zum Tiroler Fragebuch",NULL,NULL,NULL,NULL,NULL,"0","0","0","0","0","0","1"
"739","ETir.2","2. Ergänzungsfragebogen zum Tiroler Fragebuch",NULL,NULL,NULL,NULL,NULL,"0","0","0","0","0","0","1"
"740","ETir.3","3. Ergänzungsfragebogen zum Tiroler Fragebuch",NULL,NULL,NULL,NULL,NULL,"0","0","0","0","0","0","1"
"741","ETir.4","4. Ergänzungsfragebogen zum Tiroler Fragebuch",NULL,NULL,NULL,NULL,NULL,"0","0","0","0","0","0","1"
"742","ETir.5","5. Ergänzungsfragebogen zum Tiroler Fragebuch",NULL,NULL,NULL,NULL,NULL,"0","0","0","0","0","0","1"
"743","ETir.6","6. Ergänzungsfragebogen zum Tiroler Fragebuch",NULL,NULL,NULL,NULL,NULL,"0","0","0","0","0","0","1"
"744","ETir.7","7. Ergänzungsfragebogen zum Tiroler Fragebuch",NULL,NULL,NULL,NULL,NULL,"0","0","0","0","0","0","1"
"745","ETir.8","8. Ergänzungsfragebogen zum Tiroler Fragebuch",NULL,NULL,NULL,NULL,NULL,"0","0","0","0","0","0","1"
"746","ETir.9","9. Ergänzungsfragebogen zum Tiroler Fragebuch",NULL,NULL,NULL,NULL,NULL,"0","0","0","0","0","0","1"
"747","ETir.10","10. Ergänzungsfragebogen zum Tiroler Fragebuch",NULL,NULL,NULL,NULL,NULL,"0","0","0","0","0","0","1"
"748","ETir.11","11. Ergänzungsfragebogen zum Tiroler Fragebuch",NULL,NULL,NULL,NULL,NULL,"0","0","0","0","0","0","1"
"749","ETir.12","12. Ergänzungsfragebogen zum Tiroler Fragebuch",NULL,NULL,NULL,NULL,NULL,"0","0","0","0","0","0","1"
"750","ETir.13","13. Ergänzungsfragebogen zum Tiroler Fragebuch",NULL,NULL,NULL,NULL,NULL,"0","0","0","0","0","0","1"
"751","ETir.14","14. Ergänzungsfragebogen zum Tiroler Fragebuch",NULL,NULL,NULL,NULL,NULL,"0","0","0","0","0","0","1"
"752","ETir.15","15. Ergänzungsfragebogen zum Tiroler Fragebuch",NULL,NULL,NULL,NULL,NULL,"0","0","0","0","0","0","1"
"753","ETir.16","16. Ergänzungsfragebogen zum Tiroler Fragebuch",NULL,NULL,NULL,NULL,NULL,"0","0","0","0","0","0","1"
"754","ETir.17","17. Ergänzungsfragebogen zum Tiroler Fragebuch",NULL,NULL,NULL,NULL,NULL,"0","0","0","0","0","0","1"
"755","ETir.18","18. Ergänzungsfragebogen zum Tiroler Fragebuch",NULL,NULL,NULL,NULL,NULL,"0","0","0","0","0","0","1"
"756","ETir.19","19. Ergänzungsfragebogen zum Tiroler Fragebuch",NULL,NULL,NULL,NULL,NULL,"0","0","0","0","0","0","1"
"757","ETir.20","20. Ergänzungsfragebogen zum Tiroler Fragebuch",NULL,NULL,NULL,NULL,NULL,"0","0","0","0","0","0","1"
"758","ETir.21","21. Ergänzungsfragebogen zum Tiroler Fragebuch",NULL,NULL,NULL,NULL,NULL,"0","0","0","0","0","0","1"
"759","ETir.22","22. Ergänzungsfragebogen zum Tiroler Fragebuch",NULL,NULL,NULL,NULL,NULL,"0","0","0","0","0","0","1"
"760","ETir.23","23. Ergänzungsfragebogen zum Tiroler Fragebuch",NULL,NULL,NULL,NULL,NULL,"0","0","0","0","0","0","1"
"761","ETir.24","24. Ergänzungsfragebogen zum Tiroler Fragebuch",NULL,NULL,NULL,NULL,NULL,"0","0","0","0","0","0","1"
"762","ETir.25","25. Ergänzungsfragebogen zum Tiroler Fragebuch",NULL,NULL,NULL,NULL,NULL,"0","0","0","0","0","0","1"
"763","ETir.26","26. Ergänzungsfragebogen zum Tiroler Fragebuch",NULL,NULL,NULL,NULL,NULL,"0","0","0","0","0","0","1"
"764","ETir.27","27. Ergänzungsfragebogen zum Tiroler Fragebuch",NULL,NULL,NULL,NULL,NULL,"0","0","0","0","0","0","1"
"765","ETir.28","28. Ergänzungsfragebogen zum Tiroler Fragebuch",NULL,NULL,NULL,NULL,NULL,"0","0","0","0","0","0","1"
